latitude,longitude,location_id,landsat_scene_id,soilgrids_id
58.04698738,-117.7512353,4e414f2e,LC08_L2SP_047020_20240708_20240718_02_T1,4e414f2e
58.00199046,-121.1350523,acc8cb2b,LC08_L2SP_048019_20240629_20240709_02_T1,acc8cb2b
59.2482117,-118.6562641,efc2e65b,LC08_L2SP_048018_20240629_20240709_02_T1,efc2e65b
57.95593713,-121.0452194,5c324487,LC08_L2SP_048019_20240629_20240709_02_T1,5c324487
57.911098,-117.6699614,ba948b26,LC09_L2SP_045020_20240718_20240719_02_T1,ba948b26
59.15742184,-115.1977468,f13c89eb,LC08_L2SP_046018_20240717_20240723_02_T1,f13c89eb
57.86520764,-112.814809,97c2af0a,LC09_L2SP_042020_20240627_20240628_02_T1,97c2af0a
59.11158312,-115.2837204,276ac257,LC08_L2SP_046018_20240717_20240723_02_T1,276ac257
59.06467987,-111.7958389,8e98c682,LC08_L2SP_042019_20240721_20240723_02_T1,8e98c682
57.26903415,-111.7958389,4482f9c8,LC09_L2SP_041021_20240722_20240723_02_T1,4482f9c8
57.22536013,-115.1081626,1aa5548a,LC09_L2SP_045020_20240718_20240719_02_T1,1aa5548a
57.18175872,-111.799745,831418db,LC09_L2SP_041021_20240722_20240723_02_T1,831418db
57.13822963,-115.104274,9be10219,LC09_L2SP_045020_20240718_20240719_02_T1,9be10219
58.93391245,-115.104274,7a93f174,LC08_L2SP_046018_20240717_20240723_02_T1,7a93f174
58.88733548,-111.6342868,8cbd5dfa,LC08_L2SP_042019_20240721_20240723_02_T1,8cbd5dfa
57.59529838,-113.9995365,a55ff57b,LC09_L2SP_045020_20240718_20240719_02_T1,a55ff57b
56.30405941,-116.2843687,4dfc5cb4,LC09_L2SP_045020_20240718_20240719_02_T1,4dfc5cb4
57.5521315,-113.9219187,e2952f4b,LC09_L2SP_045020_20240718_20240719_02_T1,e2952f4b
56.26091786,-111.639659,147a11d4,LC09_L2SP_041021_20240722_20240723_02_T1,147a11d4
58.05685164,-111.639659,abc4a09a,LC08_L2SP_042019_20240721_20240723_02_T1,abc4a09a
56.26091786,-111.639659,7acc1421,LC09_L2SP_041021_20240722_20240723_02_T1,7acc1421
56.2188775,-114.8645785,b2f38bc8,LC09_L2SP_045020_20240718_20240719_02_T1,b2f38bc8
57.46703898,-112.5076239,84494ebf,LC09_L2SP_042020_20240627_20240628_02_T1,84494ebf
57.42303359,-115.8377976,1405cdf7,LC09_L2SP_045020_20240718_20240719_02_T1,1405cdf7
57.37910215,-112.511611,39c05368,LC09_L2SP_042020_20240627_20240628_02_T1,39c05368
58.62601822,-114.9461618,bd0defbf,LC09_L2SP_045020_20240718_20240719_02_T1,bd0defbf
58.57999882,-118.3856482,a69217df,LC08_L2SP_047020_20240708_20240718_02_T1,a69217df
59.82555759,-120.9072226,047a99e7,,047a99e7
58.03012607,-120.9072226,afed17c7,LC08_L2SP_048019_20240629_20240709_02_T1,afed17c7
59.82555759,-120.9072226,c03fe6e8,LC08_L2SP_048018_20240629_20240709_02_T1,c03fe6e8
58.53288896,-118.4791329,67e760a7,,67e760a7
56.73709185,-118.4791329,965f6fcb,LC09_L2SP_046021_20240709_20240710_02_T1,965f6fcb
55.44634129,-116.2441433,9bc6e306,,9bc6e306
55.40555956,-113.0858473,894c6623,LC08_L2SP_042022_20240705_20240712_02_T1,894c6623
57.20174139,-113.0858473,d37255bf,LC08_L2SP_043021_20240728_20240801_02_T1,d37255bf
55.40555956,-113.0858473,7c02c46c,LC08_L2SP_042022_20240705_20240712_02_T1,7c02c46c
57.20174139,-113.0858473,5e08554c,,5e08554c
58.44885185,-115.5081416,ab919292,LC09_L2SP_045020_20240718_20240719_02_T1,ab919292
56.65303069,-115.5081416,de0ea6d4,LC09_L2SP_045020_20240718_20240719_02_T1,de0ea6d4
55.3623263,-113.2778905,8434aec6,,8434aec6
55.32167143,-116.4295074,f4a966ac,LC08_L2SP_046022_20240717_20240723_02_T1,f4a966ac
55.28107775,-113.28111,61dad3da,LC09_L2SP_044021_20240711_20240712_02_T1,61dad3da
56.53020331,-115.579544,7a8248c1,,7a8248c1
56.48773508,-112.3318305,bcbd91f5,,bcbd91f5
56.44533472,-115.5759231,1ed895a7,,1ed895a7
58.24121544,-115.5759231,4c9158c2,LC09_L2SP_045020_20240718_20240719_02_T1,4c9158c2
56.94958734,-113.2517328,f9922e88,LC09_L2SP_044021_20240711_20240712_02_T1,f9922e88
55.15333175,-113.2517328,0d2afb49,LC08_L2SP_042022_20240705_20240712_02_T1,0d2afb49
56.40258589,-115.5424668,307f077b,LC09_L2SP_045020_20240718_20240719_02_T1,307f077b
57.65055419,-113.1736218,472dc828,,472dc828
56.35928268,-115.4617573,29d3b341,LC09_L2SP_045020_20240718_20240719_02_T1,29d3b341
56.31708673,-118.6949575,e11c79d5,,e11c79d5
56.27495762,-115.4653159,0dcc9197,LC09_L2SP_045020_20240718_20240719_02_T1,0dcc9197
57.52306028,-113.1047468,7fa15647,LC09_L2SP_042020_20240627_20240628_02_T1,7fa15647
55.72697203,-113.1047468,03be36be,LC09_L2SP_044021_20240711_20240712_02_T1,03be36be
55.6857626,-116.2856095,30805ca5,LC09_L2SP_046021_20240709_20240710_02_T1,30805ca5
55.64461636,-119.4631333,29f79d4f,,29f79d4f
55.60353308,-116.2889345,56c7d832,LC09_L2SP_046021_20240709_20240710_02_T1,56c7d832
56.8523312,-118.6070893,9da16581,LC09_L2SP_046021_20240709_20240710_02_T1,9da16581
55.56151688,-116.365563,f6e280ee,LC08_L2SP_046022_20240717_20240723_02_T1,f6e280ee
55.52056035,-119.5330726,fb57de70,LC09_L2SP_046021_20240709_20240710_02_T1,fb57de70
57.31670865,-119.5330726,e7a0532d,,e7a0532d
57.27295517,-116.2164722,dbacff31,LC09_L2SP_045020_20240718_20240719_02_T1,dbacff31
57.22927462,-112.9037973,5d0edd97,LC08_L2SP_043021_20240728_20240801_02_T1,5d0edd97
57.18566671,-116.2125645,fc406c04,LC09_L2SP_045020_20240718_20240719_02_T1,fc406c04
55.89466481,-118.4732681,c9126e86,,c9126e86
57.14316369,-116.1369507,e5102da4,LC09_L2SP_045020_20240718_20240719_02_T1,e5102da4
57.09969847,-119.4380469,2c770bb6,,2c770bb6
58.3469201,-117.0227379,25572d0b,,25572d0b
56.55106972,-117.0227379,0ebb4ff1,,0ebb4ff1
56.50856808,-120.2722341,272e1991,,272e1991
57.75642426,-117.8964635,d69a8fb6,,d69a8fb6
57.71192808,-121.2531469,e38b9678,,e38b9678
58.95847528,-118.7951937,7aff56ea,,7aff56ea
57.16279944,-118.7951937,08af7067,,08af7067
55.87181056,-121.0545687,c06b6df1,,c06b6df1
57.12033306,-118.7196896,f075fa8a,,f075fa8a
57.07690557,-115.42062,f679d2e1,,f679d2e1
55.78596539,-117.6750219,ffe43016,,ffe43016
57.58203651,-117.6750219,f4caffdd,LC09_L2SP_045020_20240718_20240719_02_T1,f4caffdd
56.29080533,-115.3909808,5bd3d1ee,,5bd3d1ee
57.53889135,-113.0293879,8268e2b2,,8268e2b2
55.7428077,-113.0293879,b3f38559,LC09_L2SP_044021_20240711_20240712_02_T1,b3f38559
57.53889135,-113.0293879,b198ed39,,b198ed39
56.24768546,-115.31086,1df6b75d,,1df6b75d
58.04362305,-115.31086,6265265d,,6265265d
59.28979716,-117.7926729,e90a2c20,,e90a2c20
57.49421512,-117.7926729,4b89ee0b,,4b89ee0b
57.45016397,-114.4600311,6693d9bd,LC09_L2SP_045020_20240718_20240719_02_T1,6693d9bd
56.15900984,-112.1838199,a7dca27e,LC09_L2SP_041021_20240722_20240723_02_T1,a7dca27e
56.11712985,-115.4002151,48be826c,LC09_L2SP_045020_20240718_20240719_02_T1,48be826c
56.07531551,-118.6131231,a5eb5c0d,LC09_L2SP_046021_20240709_20240710_02_T1,a5eb5c0d
57.32362694,-116.2653609,31eb2095,LC09_L2SP_045020_20240718_20240719_02_T1,31eb2095
57.27986191,-112.9481387,30140df0,LC08_L2SP_043021_20240728_20240801_02_T1,30140df0
58.52688693,-115.3758134,32a474f4,LC09_L2SP_045020_20240718_20240719_02_T1,32a474f4
56.7310881,-115.3758134,1e788b03,LC09_L2SP_045020_20240718_20240719_02_T1,1e788b03
57.97870728,-117.7662846,05aff0d2,LC08_L2SP_047020_20240708_20240718_02_T1,05aff0d2
57.93382876,-114.388891,91ad7026,LC09_L2SP_045020_20240718_20240719_02_T1,91ad7026
59.72928722,-114.388891,11113522,LC08_L2SP_046018_20240717_20240723_02_T1,11113522
58.43668554,-116.8103491,6c9a1b0b,LC09_L2SP_045020_20240718_20240719_02_T1,6c9a1b0b
57.14493585,-114.4739199,58306d8d,,58306d8d
55.34873742,-114.4739199,5eb80a9e,LC09_L2SP_044021_20240711_20240712_02_T1,5eb80a9e
56.59779462,-116.7764579,3977f5cb,LC09_L2SP_046021_20240709_20240710_02_T1,3977f5cb
57.84555603,-114.3948188,03e3caa6,,03e3caa6
56.55416856,-112.0949317,f8cc92fd,LC09_L2SP_041021_20240722_20240723_02_T1,f8cc92fd
57.80197636,-114.4736971,af7362e9,LC09_L2SP_045020_20240718_20240719_02_T1,af7362e9
56.00596898,-114.4736971,caef458f,LC09_L2SP_045020_20240718_20240719_02_T1,caef458f
57.25435253,-112.1303442,b5177445,,b5177445
58.50140549,-114.5562589,28ff2cec,,28ff2cec
58.45560897,-111.128937,2fc90ef8,,2fc90ef8
57.1638474,-113.4665593,c9bc0853,,c9bc0853
57.12034797,-116.7694942,7ba93e87,,7ba93e87
58.91603587,-116.7694942,0b053ff2,,0b053ff2
57.62398012,-114.4023799,2ff7fd22,,2ff7fd22
59.41952558,-114.4023799,9cd61882,,9cd61882
59.37204876,-117.9217982,73ee48e5,,73ee48e5
58.07969115,-120.3190203,21cdfdcf,,21cdfdcf
59.32582435,-117.8345799,ce6a2dda,,ce6a2dda
58.03349784,-120.2287083,6645f83e,,6645f83e
56.23755733,-120.2287083,8f4fd735,,8f4fd735
56.19555381,-117.0057477,52dd4eee,,52dd4eee
57.44373971,-119.361203,c24406bc,,c24406bc
56.15258931,-117.0853716,a3360536,,a3360536
57.40082013,-114.7326722,98b98890,,98b98890
58.6477123,-112.2966105,13b2ed64,,13b2ed64
57.35582926,-114.6464293,f13eb5ad,,f13eb5ad
56.06472978,-112.375779,1034b43d,,1034b43d
57.86072016,-112.375779,7cb0100e,,7cb0100e
57.81604517,-115.7421416,49b9050c,,49b9050c
59.06247586,-113.2767575,de97e958,,de97e958
57.77032434,-115.653441,b5695e9e,LC09_L2SP_045020_20240718_20240719_02_T1,b5695e9e
55.9743078,-115.653441,68f57ec5,,68f57ec5
57.77032434,-115.653441,f76dd038,,f76dd038
59.56582865,-115.653441,fff0496e,,fff0496e
59.51807566,-119.1880793,7e1f2ad6,,7e1f2ad6
58.2256191,-116.7810206,f2d1feed,,f2d1feed
59.47158612,-114.2858824,21bb4a1c,,21bb4a1c
58.17916119,-111.8819657,76518818,LC08_L2SP_042019_20240721_20240723_02_T1,76518818
56.38326263,-111.8819657,323877ea,,323877ea
56.34102862,-115.1171926,053e5c9f,,053e5c9f
56.2988616,-118.3488521,2dcc3482,LC09_L2SP_046021_20240709_20240710_02_T1,2dcc3482
56.25676132,-121.5769597,27bd3c2a,LC09_L2SP_048021_20240707_20240708_02_T1,27bd3c2a
58.05269629,-121.5769597,4345852a,LC08_L2SP_048019_20240629_20240709_02_T1,4345852a
59.84812151,-121.5769597,82a174eb,LC08_L2SP_051018_20240618_20240706_02_T1,82a174eb
58.05269629,-121.5769597,5be583ac,LC08_L2SP_048019_20240629_20240709_02_T1,5be583ac
58.00768946,-118.1926044,5fb6c081,LC08_L2SP_047020_20240708_20240718_02_T1,5fb6c081
56.21174151,-118.1926044,59f4e39c,,59f4e39c
56.16977864,-121.4134035,58023c7b,,58023c7b
57.4179915,-119.0596025,3bb2abb2,,3bb2abb2
58.66486475,-121.4968605,52075c96,,52075c96
56.86910534,-121.4968605,b01b1269,LC09_L2SP_048021_20240707_20240708_02_T1,b01b1269
58.11657639,-119.0971612,e239e404,,e239e404
59.36266769,-116.610027,0c53feff,,0c53feff
57.56710621,-116.610027,03c634ce,LC09_L2SP_045020_20240718_20240719_02_T1,03c634ce
55.77103075,-116.610027,9c48634d,LC08_L2SP_046021_20240717_20240723_02_T1,9c48634d
57.56710621,-116.610027,1de3f82f,LC09_L2SP_045020_20240718_20240719_02_T1,1de3f82f
55.77103075,-116.610027,0da3c359,,0da3c359
55.72975362,-119.7944689,9ff3c86e,LC09_L2SP_046021_20240709_20240710_02_T1,9ff3c86e
56.97842243,-117.468482,20d69c8e,,20d69c8e
55.68753771,-115.2197489,b001e333,LC09_L2SP_044021_20240711_20240712_02_T1,b001e333
57.48363742,-115.2197489,f92bec57,,f92bec57
55.68753771,-115.2197489,d7594637,LC09_L2SP_044021_20240711_20240712_02_T1,d7594637
55.64638875,-118.3974164,275f0b87,,275f0b87
56.89514304,-120.7182232,92ba10e9,LC09_L2SP_048021_20240707_20240708_02_T1,92ba10e9
58.14258605,-118.3167734,15351819,,15351819
56.85101862,-115.9986998,e8cc03eb,,e8cc03eb
58.64678319,-115.9986998,fe46eae2,LC09_L2SP_045020_20240718_20240719_02_T1,fe46eae2
58.60072649,-119.4402232,07cbaf71,LC08_L2SP_047020_20240708_20240718_02_T1,07cbaf71
57.30887333,-117.0934017,8108c14f,,8108c14f
56.0178009,-114.8255069,e8042133,,e8042133
55.97614172,-111.6208325,a6a5523a,LC09_L2SP_041021_20240722_20240723_02_T1,a6a5523a
57.77215773,-111.6208325,01eb269d,LC08_L2SP_042019_20240721_20240723_02_T1,01eb269d
56.48081411,-113.9162791,82610db8,LC09_L2SP_045020_20240718_20240719_02_T1,82610db8
58.27668464,-113.9162791,e15f072d,,e15f072d
59.52259324,-111.4173716,7f87bdb0,,7f87bdb0
59.47492211,-114.947496,70d5481a,LC08_L2SP_046018_20240717_20240723_02_T1,70d5481a
59.42734099,-111.4223329,46ec1437,LC08_L2SP_042019_20240721_20240723_02_T1,46ec1437
57.63179773,-111.4223329,f69089d9,LC08_L2SP_042019_20240721_20240723_02_T1,f69089d9
59.42734099,-111.4223329,ba78484c,LC08_L2SP_042019_20240721_20240723_02_T1,ba78484c
58.13494605,-113.8232682,a5039dec,,a5039dec
56.33903477,-113.8232682,63803a1c,,63803a1c
57.58707006,-116.1879836,af8675dd,,af8675dd
58.83375627,-113.738872,c59fc86c,LC08_L2SP_046018_20240717_20240723_02_T1,c59fc86c
58.78736176,-117.1988673,9857fa2d,LC09_L2SP_045020_20240718_20240719_02_T1,9857fa2d
57.49538929,-114.8400852,42dcdb2c,,42dcdb2c
56.20420882,-117.1189742,2fb3eff1,LC09_L2SP_046021_20240709_20240710_02_T1,2fb3eff1
57.45238566,-114.7629629,54d79866,,54d79866
56.16123023,-117.0393054,32207fb6,LC09_L2SP_046021_20240709_20240710_02_T1,32207fb6
56.11934676,-113.8227251,d9a2e49a,LC09_L2SP_044021_20240711_20240712_02_T1,d9a2e49a
57.36761229,-116.1732975,3fc15248,LC09_L2SP_045020_20240718_20240719_02_T1,3fc15248
58.614541,-118.6070498,a7b79b01,LC08_L2SP_047020_20240708_20240718_02_T1,a7b79b01
59.86005962,-121.1312362,0d0afcf5,LC08_L2SP_048018_20240629_20240709_02_T1,0d0afcf5
58.06463773,-121.1312362,bcb272d3,LC08_L2SP_048019_20240629_20240709_02_T1,bcb272d3
59.86005962,-121.1312362,6de1aca6,LC08_L2SP_048018_20240629_20240709_02_T1,6de1aca6
58.06463773,-121.1312362,80d36285,LC08_L2SP_048019_20240629_20240709_02_T1,80d36285
59.86005962,-121.1312362,62849525,LC08_L2SP_048018_20240629_20240709_02_T1,62849525
58.56736687,-118.7007592,36219179,LC08_L2SP_047020_20240708_20240718_02_T1,36219179
56.77157962,-118.7007592,55a24a16,LC09_L2SP_046021_20240709_20240710_02_T1,55a24a16
55.48081003,-116.4638183,cbdd38fa,LC08_L2SP_046022_20240717_20240723_02_T1,cbdd38fa
56.72973326,-118.7744191,61b163c3,LC09_L2SP_046021_20240709_20240710_02_T1,61b163c3
58.52553248,-118.7744191,c95574d0,,c95574d0
56.72973326,-118.7744191,ca05acbd,,ca05acbd
58.52553248,-118.7744191,83fad597,LC08_L2SP_047020_20240708_20240718_02_T1,83fad597
57.23372691,-116.4323752,77245417,,77245417
55.94269758,-118.6958772,a2eb60db,LC09_L2SP_046021_20240709_20240710_02_T1,a2eb60db
57.19114675,-116.3565299,d27ff9a3,LC09_L2SP_045020_20240718_20240719_02_T1,d27ff9a3
58.98681454,-116.3565299,f8634687,LC08_L2SP_046018_20240717_20240723_02_T1,f8634687
57.69471265,-118.7282577,06a7997b,LC08_L2SP_047020_20240708_20240718_02_T1,06a7997b
56.40341503,-116.4374739,c05a14a4,LC09_L2SP_045020_20240718_20240719_02_T1,c05a14a4
57.65138245,-118.8063729,f1437eb8,LC08_L2SP_047020_20240708_20240718_02_T1,f1437eb8
58.89799715,-116.3527165,d92eaa11,LC08_L2SP_047019_20240622_20240708_02_T1,d92eaa11
57.60595313,-113.9867746,7d2bf29f,LC09_L2SP_045020_20240718_20240719_02_T1,7d2bf29f
58.85261837,-116.4372185,75317f1a,LC09_L2SP_045020_20240718_20240719_02_T1,75317f1a
57.56060377,-114.0742196,2396f1e8,LC09_L2SP_045020_20240718_20240719_02_T1,2396f1e8
58.80731936,-111.6269725,2a518264,LC08_L2SP_042019_20240721_20240723_02_T1,2a518264
58.76097283,-115.0843417,712b3d4d,LC08_L2SP_046018_20240717_20240723_02_T1,712b3d4d
57.46901733,-117.4414238,525a76eb,LC09_L2SP_045020_20240718_20240719_02_T1,525a76eb
56.17785223,-115.1640972,80756e37,,80756e37
57.42605664,-117.5184161,344cbfc1,,344cbfc1
58.672921,-119.9562364,b1a4a284,LC08_L2SP_047020_20240708_20240718_02_T1,b1a4a284
57.38102189,-117.6048056,f0122821,LC09_L2SP_045020_20240718_20240719_02_T1,f0122821
59.17663591,-117.6048056,2da3f714,LC08_L2SP_048018_20240629_20240709_02_T1,2da3f714
59.12961235,-114.1103176,0186973e,,0186973e
57.83741656,-116.4914194,0c82406c,,0c82406c
59.08382326,-114.0245034,019e3ffa,LC08_L2SP_046018_20240717_20240723_02_T1,019e3ffa
57.79165769,-111.6464171,31cfc7bd,,31cfc7bd
57.74710121,-115.0063629,43000c29,LC09_L2SP_045020_20240718_20240719_02_T1,43000c29
58.99360911,-112.5459053,4bfbc7e6,LC08_L2SP_045018_20240710_20240719_02_T1,4bfbc7e6
57.19794324,-112.5459053,9728a6d6,LC08_L2SP_043021_20240728_20240801_02_T1,9728a6d6
58.99360911,-112.5459053,2c64cf44,LC08_L2SP_045018_20240710_20240719_02_T1,2c64cf44
57.70150277,-114.9180771,0fb30514,,0fb30514
57.65710033,-111.5664639,342a51ca,LC08_L2SP_042019_20240721_20240723_02_T1,342a51ca
59.45263647,-111.5664639,0cbfcf7e,,0cbfcf7e
59.40509735,-115.0893133,fad83f7a,LC08_L2SP_046018_20240717_20240723_02_T1,fad83f7a
57.60954783,-115.0893133,c4a65f92,,c4a65f92
56.31830048,-112.8036304,d067dd09,,d067dd09
57.56635759,-115.1670021,6d99c0b8,,6d99c0b8
57.52218463,-118.5062171,c55ede0d,LC08_L2SP_047020_20240708_20240718_02_T1,c55ede0d
57.47808632,-115.1710306,527a2951,LC09_L2SP_045020_20240718_20240719_02_T1,527a2951
56.18691594,-117.4488942,d555d3d2,LC09_L2SP_046021_20240709_20240710_02_T1,d555d3d2
56.14499212,-114.2301703,49c9bbb7,LC09_L2SP_045020_20240718_20240719_02_T1,49c9bbb7
57.39323088,-111.8779574,54f66dfd,LC09_L2SP_042020_20240627_20240628_02_T1,54f66dfd
59.18884144,-111.8779574,1118322a,LC08_L2SP_042019_20240721_20240723_02_T1,1118322a
59.14179526,-115.3736883,422f5bb5,LC08_L2SP_046018_20240717_20240723_02_T1,422f5bb5
57.34617138,-115.3736883,d26d6827,LC09_L2SP_045020_20240718_20240719_02_T1,d26d6827
59.14179526,-115.3736883,80f52051,LC08_L2SP_046018_20240717_20240723_02_T1,80f52051
57.34617138,-115.3736883,393ba135,LC09_L2SP_045020_20240718_20240719_02_T1,393ba135
59.14179526,-115.3736883,775af0a5,LC08_L2SP_046018_20240717_20240723_02_T1,775af0a5
57.34617138,-115.3736883,13a74d59,LC09_L2SP_045020_20240718_20240719_02_T1,13a74d59
58.59312366,-112.9414244,f30c25b7,LC08_L2SP_045018_20240710_20240719_02_T1,f30c25b7
57.30127532,-115.2877618,7442fb08,,7442fb08
58.54827688,-112.8586073,e3254959,LC08_L2SP_045018_20240710_20240719_02_T1,e3254959
56.75248416,-112.8586073,f0e5de0a,LC09_L2SP_044021_20240711_20240712_02_T1,f0e5de0a
55.46172512,-115.0944673,6e8a0908,LC09_L2SP_044021_20240711_20240712_02_T1,6e8a0908
56.71066776,-117.4038987,9b9e802b,LC09_L2SP_046021_20240709_20240710_02_T1,9b9e802b
56.66790936,-120.6671098,54d22a21,LC09_L2SP_048021_20240707_20240708_02_T1,54d22a21
55.37719682,-118.4360218,c7449f50,LC09_L2SP_046021_20240709_20240710_02_T1,c7449f50
56.62622521,-120.7402914,b5a8c091,LC09_L2SP_048021_20240707_20240708_02_T1,b5a8c091
58.42205404,-120.7402914,8e77c0f1,LC08_L2SP_048019_20240629_20240709_02_T1,8e77c0f1
59.66779559,-118.2305803,db0c1a81,,db0c1a81
59.6198487,-114.6852425,45af7357,LC08_L2SP_046018_20240717_20240723_02_T1,45af7357
59.57199314,-118.2255397,9edb46b1,,9edb46b1
58.27949976,-120.6362548,603a0416,,603a0416
56.98784799,-118.3096797,37d7e3b4,,37d7e3b4
58.23519091,-115.9019725,7760194f,,7760194f
58.18986531,-112.5002981,280edc28,LC08_L2SP_042019_20240721_20240723_02_T1,280edc28
59.43587314,-114.9928052,8d7bab35,,8d7bab35
59.38836557,-118.5139166,d3ea4a47,,d3ea4a47
59.34094726,-114.9977199,013da89e,LC08_L2SP_046018_20240717_20240723_02_T1,013da89e
59.29361777,-111.4864127,9dcca268,LC08_L2SP_042019_20240721_20240723_02_T1,9dcca268
57.49803681,-111.4864127,176b976e,,176b976e
56.2068548,-113.7654587,4c596c40,,4c596c40
57.45502887,-111.4092772,aa624e37,LC08_L2SP_042019_20240721_20240723_02_T1,aa624e37
57.41104368,-114.7383616,a13c03f5,,a13c03f5
56.11991226,-117.0122627,3c136910,,3c136910
56.07809357,-113.7991233,35874646,LC09_L2SP_044021_20240711_20240712_02_T1,35874646
57.87408009,-113.7991233,84e1cc28,LC09_L2SP_045020_20240718_20240719_02_T1,84e1cc28
56.58267552,-111.4975048,330b8212,,330b8212
56.5401232,-114.7497058,e096a936,,e096a936
56.49763908,-111.5011451,e7a3e3a5,,e7a3e3a5
56.45522291,-114.7460812,1b814f8a,,1b814f8a
56.41287442,-117.9874084,babe9e52,LC09_L2SP_046021_20240709_20240710_02_T1,babe9e52
58.20876447,-117.9874084,e4afce1b,,e4afce1b
58.16348523,-114.588255,cc3af506,,cc3af506
58.11828526,-117.9830992,c87c2397,,c87c2397
56.82673271,-120.2996718,70577d42,,70577d42
58.62250421,-120.2996718,30195614,,30195614
59.86801356,-117.7748823,34eeb1e8,,34eeb1e8
59.81968251,-114.2083127,d0ddf0a0,LC08_L2SP_046018_20240717_20240723_02_T1,d0ddf0a0
59.77144461,-117.7697299,0d551da7,,0d551da7
59.72329942,-114.2134379,afe629c4,LC08_L2SP_046018_20240717_20240723_02_T1,afe629c4
58.43070189,-116.6344849,2fc0db1a,LC09_L2SP_045020_20240718_20240719_02_T1,2fc0db1a
57.13895594,-114.2984327,4f146cce,,4f146cce
58.93463855,-114.2984327,9645cff7,LC08_L2SP_046018_20240717_20240723_02_T1,9645cff7
58.88806026,-117.7684927,fdc4a11e,LC08_L2SP_048018_20240629_20240709_02_T1,fdc4a11e
58.84156695,-121.2338971,fd6a9170,LC08_L2SP_048019_20240629_20240709_02_T1,fd6a9170
57.04585788,-121.2338971,5d84c1ca,LC09_L2SP_048021_20240707_20240708_02_T1,5d84c1ca
58.29313796,-118.8222544,8e8cbd5e,LC08_L2SP_047020_20240708_20240718_02_T1,8e8cbd5e
56.49727215,-118.8222544,9ab8dac0,LC09_L2SP_046021_20240709_20240710_02_T1,9ab8dac0
56.45485657,-115.5773496,2334d4d1,LC09_L2SP_045020_20240718_20240719_02_T1,2334d4d1
56.41250866,-112.3360536,cbce5a33,LC09_L2SP_041021_20240722_20240723_02_T1,cbce5a33
56.37022818,-115.5737563,61e2b838,LC09_L2SP_045020_20240718_20240719_02_T1,61e2b838
58.16613049,-115.5737563,ca078d91,LC09_L2SP_045020_20240718_20240719_02_T1,ca078d91
58.1209259,-118.9688518,cb6ea100,LC08_L2SP_047020_20240708_20240718_02_T1,cb6ea100
59.91633206,-118.9688518,69b71cc2,LC09_L2SP_049017_20240714_20240715_02_T1,69b71cc2
58.62359985,-121.4032344,174f8866,LC08_L2SP_048019_20240629_20240709_02_T1,174f8866
59.86910792,-118.8783619,c9cb6a7e,LC08_L2SP_048018_20240629_20240709_02_T1,c9cb6a7e
58.07368857,-118.8783619,5feacb44,LC08_L2SP_047020_20240708_20240718_02_T1,5feacb44
59.86910792,-118.8783619,f28cae52,LC08_L2SP_048018_20240629_20240709_02_T1,f28cae52
58.57640884,-116.447258,567ec22e,LC09_L2SP_045020_20240718_20240719_02_T1,567ec22e
59.82197178,-118.9685612,1e32e5b5,LC08_L2SP_048018_20240629_20240709_02_T1,1e32e5b5
58.52930566,-116.5407193,88b0875f,LC09_L2SP_045020_20240718_20240719_02_T1,88b0875f
59.77492324,-114.0229668,bdc6520c,LC08_L2SP_046018_20240717_20240723_02_T1,bdc6520c
58.48228989,-111.5983704,28579c71,,28579c71
56.6864783,-111.5983704,6f71fed6,LC09_L2SP_041021_20240722_20240723_02_T1,6f71fed6
57.93414516,-113.9858769,4de00277,LC09_L2SP_045020_20240718_20240719_02_T1,4de00277
59.18044303,-111.5119994,86c07ae2,LC08_L2SP_042019_20240721_20240723_02_T1,86c07ae2
57.88821356,-113.8964595,5e19328e,LC09_L2SP_045020_20240718_20240719_02_T1,5e19328e
56.5968005,-116.1989371,19c186be,LC09_L2SP_045020_20240718_20240719_02_T1,19c186be
55.30612682,-113.9718418,3c92316a,LC09_L2SP_044021_20240711_20240712_02_T1,3c92316a
55.26555652,-117.1190104,6f08eed4,LC08_L2SP_046022_20240717_20240723_02_T1,6f08eed4
55.22504711,-113.9750433,ddb7ca83,LC09_L2SP_044021_20240711_20240712_02_T1,ddb7ca83
56.47422914,-111.6799944,4c024a0e,LC09_L2SP_041021_20240722_20240723_02_T1,4c024a0e
56.43185034,-114.9229375,ee6b63b9,LC09_L2SP_045020_20240718_20240719_02_T1,ee6b63b9
56.38953908,-118.1622802,e2e9dd9a,LC09_L2SP_046021_20240709_20240710_02_T1,e2e9dd9a
56.34729511,-114.9265224,02e551f9,LC09_L2SP_045020_20240718_20240719_02_T1,02e551f9
57.5953217,-112.5612712,bdf25ade,LC08_L2SP_042019_20240721_20240723_02_T1,bdf25ade
58.84199875,-115.0109648,138bc638,LC08_L2SP_046018_20240717_20240723_02_T1,138bc638
57.54999102,-117.3732762,39b5d247,LC09_L2SP_045020_20240718_20240719_02_T1,39b5d247
56.25877864,-119.6554086,ef16092b,LC09_L2SP_046021_20240709_20240710_02_T1,ef16092b
57.50689828,-117.2958837,226e49bb,LC09_L2SP_045020_20240718_20240719_02_T1,226e49bb
57.46282575,-120.6296788,ba7029c2,LC08_L2SP_047021_20240708_20240718_02_T1,ba7029c2
57.41882744,-117.2998874,cd6eba4e,LC09_L2SP_045020_20240718_20240719_02_T1,cd6eba4e
56.12769151,-115.0255271,6a2d25dd,LC09_L2SP_045020_20240718_20240719_02_T1,6a2d25dd
56.08586063,-118.2393137,8bd94799,LC09_L2SP_046021_20240709_20240710_02_T1,8bd94799
57.33416107,-115.8908792,f247b4e4,LC09_L2SP_045020_20240718_20240719_02_T1,f247b4e4
57.29037845,-112.5727099,09068831,LC09_L2SP_042020_20240627_20240628_02_T1,09068831
57.24666888,-115.8869466,6057e3ab,LC09_L2SP_045020_20240718_20240719_02_T1,6057e3ab
58.49373024,-113.4615615,355757fb,LC08_L2SP_045018_20240710_20240719_02_T1,355757fb
57.20194471,-111.121531,47ce0942,LC09_L2SP_041021_20240722_20240723_02_T1,47ce0942
58.99760945,-111.121531,643ec729,LC08_L2SP_042019_20240721_20240723_02_T1,643ec729
58.95091589,-114.5979086,3c43375e,LC08_L2SP_046018_20240717_20240723_02_T1,3c43375e
58.90430784,-111.1262182,a9287b2a,LC08_L2SP_042019_20240721_20240723_02_T1,a9287b2a
57.10861661,-111.1262182,8a127e3c,LC09_L2SP_041021_20240722_20240723_02_T1,8a127e3c
58.35582854,-113.5421358,ca55bd40,LC09_L2SP_045020_20240718_20240719_02_T1,ca55bd40
59.60164633,-116.0469116,5188ffba,LC08_L2SP_046018_20240717_20240723_02_T1,5188ffba
58.30913264,-118.4596432,c4754bd1,,c4754bd1
56.51327142,-118.4596432,e6a9f00e,LC09_L2SP_046021_20240709_20240710_02_T1,e6a9f00e
58.30913264,-118.4596432,ad8b5ad4,,ad8b5ad4
56.51327142,-118.4596432,13384715,LC09_L2SP_046021_20240709_20240710_02_T1,13384715
55.22264314,-120.6820711,77dcb9d6,LC09_L2SP_048021_20240707_20240708_02_T1,77dcb9d6
57.01887843,-120.6820711,da72d8c8,,da72d8c8
56.97561801,-117.3919709,33e8548b,LC09_L2SP_046021_20240709_20240710_02_T1,33e8548b
56.93242856,-114.1056774,439a1bbe,LC09_L2SP_045020_20240718_20240719_02_T1,439a1bbe
58.72816992,-114.1056774,a1f4bf41,LC08_L2SP_046018_20240717_20240723_02_T1,a1f4bf41
58.68196662,-117.5552126,263259ed,LC08_L2SP_048018_20240629_20240709_02_T1,263259ed
59.92740667,-120.0845159,edfe0c47,LC09_L2SP_050017_20240721_20240722_02_T1,edfe0c47
59.87896077,-116.5115906,c068c866,LC08_L2SP_048017_20240715_20240722_02_T1,c068c866
58.08354417,-116.5115906,ea98b0c1,LC09_L2SP_045020_20240718_20240719_02_T1,ea98b0c1
59.329673,-118.9963121,07371b12,LC08_L2SP_048018_20240629_20240709_02_T1,07371b12
58.0373439,-116.6019265,fed17730,,fed17730
56.74584069,-118.9135164,fc7b4fa3,,fc7b4fa3
57.99344408,-121.3049699,94c6ad38,,94c6ad38
56.19749202,-121.3049699,c3c1ddf7,LC09_L2SP_048021_20240707_20240708_02_T1,c3c1ddf7
57.99344408,-121.3049699,3b27ddb5,LC08_L2SP_048019_20240629_20240709_02_T1,3b27ddb5
56.70196752,-118.9960715,c81c2e1a,LC09_L2SP_046021_20240709_20240710_02_T1,c81c2e1a
56.65922317,-115.7336118,aa14636a,,aa14636a
55.36851539,-113.5030124,1bc9a55b,LC09_L2SP_044021_20240711_20240712_02_T1,1bc9a55b
56.61755257,-115.8067535,80fea67b,LC09_L2SP_045020_20240718_20240719_02_T1,80fea67b
55.32686757,-113.5784948,8c5f7017,LC09_L2SP_044021_20240711_20240712_02_T1,8c5f7017
56.57594689,-111.2772853,01e545e5,LC09_L2SP_041021_20240722_20240723_02_T1,01e545e5
58.37179013,-111.2772853,439378f0,LC08_L2SP_042019_20240721_20240723_02_T1,439378f0
56.57594689,-111.2772853,73535df7,LC09_L2SP_041021_20240722_20240723_02_T1,73535df7
56.53340536,-114.5289101,b0093986,LC09_L2SP_045020_20240718_20240719_02_T1,b0093986
55.24276616,-112.3053594,6cd87395,LC09_L2SP_041021_20240722_20240723_02_T1,6cd87395
56.49193035,-114.6014775,c224d602,LC09_L2SP_045020_20240718_20240719_02_T1,c224d602
55.20131362,-112.3802382,d02d1536,,
56.99755516,-112.3802382,cbe83fe4,,
55.20131362,-112.3802382,d1f6afae,LC09_L2SP_041021_20240722_20240723_02_T1,d1f6afae
56.45051954,-114.6738569,b22980fa,,
55.15992518,-112.4549195,c57af718,,
56.4091727,-114.7460493,ef32821b,,
57.65713404,-117.1153233,5b6f6c71,,
57.61280713,-113.7677927,9f769aee,,
58.85946476,-116.2187206,ee17584e,,
57.06376078,-116.2187206,add9fa5d,,
58.31102144,-113.8058603,4ca69a65,,
59.55689068,-111.3044108,834629e0,,
59.50915463,-114.8381149,549a5f72,,
58.21670415,-117.2445699,3930dfdd,,
59.46268135,-114.7500883,1e0d6327,,
58.17026247,-117.1534042,a71ab965,,
58.12505065,-120.5488925,f6b78ca0,,
56.32913652,-120.5488925,ad2a800d,,
57.57718223,-118.1848188,5a7674fe,,
55.7811097,-118.1848188,660f82b0,,
57.57718223,-118.1848188,ab541868,,
58.82387942,-115.7364042,f8daa973,,
58.77750284,-119.1954178,3726783a,,
58.73121034,-115.7410047,9e48298c,,
58.68500155,-119.19084,b28fb604,,
56.88924788,-119.19084,046f81a3,,
55.59841302,-121.4344704,89be5047,,
55.55740028,-118.2639951,d59f0780,,
56.8062455,-120.5793032,8daaa9f2,,
58.60202286,-120.5793032,4e56c1ea,,
58.5560465,-117.1421672,6abacf69,,
58.51015244,-120.5748105,a6cade5d,,
57.21835657,-118.2337408,f660ef10,,
55.92733602,-115.9711347,d8b8c882,,
57.72336615,-115.9711347,dc8ad6a7,,
56.43205154,-113.6786284,83b49424,,
57.67998872,-116.049394,1004a55a,,
57.63562293,-119.3990261,9cb6dfd7,,
58.88225518,-116.9464853,5abe2ab0,,
58.83577244,-120.4113105,2c519859,,
57.54376874,-118.0494019,f24c2e06,,
55.74768651,-118.0494019,debf0d04,,
55.70644527,-114.8668577,814c0c60,,
57.50253948,-114.8668577,ab0e9772,,
56.21135484,-112.5875446,8b501d63,,
56.16939258,-115.8083114,8e8cddd2,,
57.96535275,-115.8083114,c7ee2ac7,,
56.67389319,-118.1154914,1ca3fc1e,,
56.63119414,-114.855453,79712389,,
57.87891999,-112.4716082,50905001,,
59.12528005,-114.9415055,baec410a,,
59.07835151,-118.4307756,3b18ea54,,
57.28270967,-118.4307756,807e7e18,,
55.99165227,-120.6971386,6f14df70,,
57.78766378,-120.6971386,e9819058,,
59.03412628,-118.2337853,f355c938,,
58.98736569,-114.7537317,cafc5096,,
57.69526343,-117.1254955,f81df0b2,,
57.65087163,-113.7744572,ae5c2ccd,,
58.8974869,-111.320837,8ef1879c,,
57.60544321,-113.6867458,179a316f,,
56.31419828,-111.401308,3986fe48,,
57.56225971,-113.7644142,bc4431d1,,
55.76618285,-113.7644142,e0656478,,
57.01481422,-116.0926736,fce36cbd,,
55.21857773,-116.0926736,e005d824,,
56.46776628,-113.7980148,3b25e704,,
56.42539779,-117.0404081,6e82f463,,
56.3830968,-120.2792035,669d45fc,,
58.17899541,-120.2792035,8b2299ef,,
59.42501564,-117.787495,e57e4516,,
59.37752849,-121.3074817,f3a3e968,,
57.5819712,-121.3074817,9dd83e88,,
57.53777182,-117.9668399,faf30a92,,
56.24656659,-115.6854343,a97b63f5,,
58.0425045,-115.6854343,7fee3f3e,,
57.99751537,-119.0688287,65fe8d91,,
56.20156449,-119.0688287,156c0a73,,
57.99751537,-119.0688287,7ac76332,,
56.70603635,-116.759681,30b43423,,
58.50184234,-116.759681,7942038d,,
58.45604504,-120.1870454,d579e326,,
57.1642832,-117.8493955,2806e473,,
57.12078305,-121.1523691,1e75d179,,
58.91647082,-121.1523691,f8773ced,,
58.8699257,-117.6841268,17b60129,,
57.5778999,-120.0482472,04b2ce32,,
59.37345834,-120.0482472,139a946b,,
57.5778999,-120.0482472,48a9ef5b,,
56.28667115,-117.7644527,716c641d,,
58.08259751,-117.7644527,ba507cef,,
58.03753866,-114.3772741,4735a18f,,
57.99255816,-117.7602004,2f7c4253,,
56.70108214,-120.0690446,555e74fa,,
55.41035139,-117.8360879,ff519bee,,
57.20653183,-117.8360879,2e5b4906,,
58.45363706,-115.4134644,faa6439a,,
58.40792556,-111.9907785,7fb78567,,
57.11619387,-114.3253971,5afbfa7f,,
58.91188294,-114.3253971,a07d947a,,
57.11619387,-114.3253971,670eb80b,,
58.36339756,-111.9089622,34419f12,,
56.56755191,-111.9089622,2bcb9400,,
58.36339756,-111.9089622,d201956f,,
59.60920664,-114.4143009,7d39bbd8,,
57.81371451,-114.4143009,c8f3b4bd,,
59.60920664,-114.4143009,e0703d8e,,
58.31668777,-112.0010545,04d5de27,,
57.02501293,-114.3299518,e16d078f,,
56.98174244,-117.6205926,13553158,,
56.93854294,-120.9074244,c0bb6773,,
58.18593915,-118.50305,37253391,,
56.8943451,-116.1822926,b1601c88,,
55.6035074,-118.4262139,d3e36892,,
55.56248689,-115.2553286,f67d4bb5,,
56.81132692,-117.5709501,0306cc94,,
55.52053535,-115.3317551,3d880ab2,,
55.47964113,-118.4959788,ffe114af,,
57.27580136,-118.4959788,bc908676,,
55.47964113,-118.4959788,62c23ef9,,
56.72856555,-116.1854496,7ee9e6c7,LC09_L2SP_045020_20240718_20240719_02_T1,7ee9e6c7
57.97618743,-113.7951463,61030ad1,LC09_L2SP_045020_20240718_20240719_02_T1,61030ad1
59.77163403,-113.7951463,d4ee0f95,LC08_L2SP_046018_20240717_20240723_02_T1,d4ee0f95
59.72348848,-117.3514584,c7266bf8,LC08_L2SP_048018_20240629_20240709_02_T1,c7266bf8
59.67543519,-113.8002446,76b3000c,LC08_L2SP_046018_20240717_20240723_02_T1,76b3000c
59.62747373,-117.346387,94ed795b,LC08_L2SP_048018_20240629_20240709_02_T1,94ed795b
59.57960366,-120.8874847,2652184f,LC08_L2SP_048018_20240629_20240709_02_T1,2652184f
57.78410322,-120.8874847,6cc1e202,LC08_L2SP_047020_20240708_20240718_02_T1,6cc1e202
59.57960366,-120.8874847,9f1de240,LC08_L2SP_048018_20240629_20240709_02_T1,9f1de240
58.28710508,-118.4762524,7dc1cc36,LC08_L2SP_047020_20240708_20240718_02_T1,7dc1cc36
56.49123753,-118.4762524,235df56c,LC09_L2SP_046021_20240709_20240710_02_T1,235df56c
57.73911209,-116.1016177,939d53ab,LC09_L2SP_045020_20240718_20240719_02_T1,939d53ab
58.98562891,-118.5615059,89b2288a,LC08_L2SP_048018_20240629_20240709_02_T1,89b2288a
57.69352779,-116.1898556,ed15b52d,LC09_L2SP_045020_20240718_20240719_02_T1,ed15b52d
55.89748901,-116.1898556,27773047,LC09_L2SP_045020_20240718_20240719_02_T1,27773047
55.85601671,-112.9950849,41d89545,LC08_L2SP_042022_20240705_20240712_02_T1,41d89545
55.81460855,-116.1864591,a9f72188,LC08_L2SP_046021_20240717_20240723_02_T1,a9f72188
57.61067135,-116.1864591,3fc41d0e,LC09_L2SP_045020_20240718_20240719_02_T1,3fc41d0e
56.31942334,-113.9007091,21cd5d55,LC09_L2SP_045020_20240718_20240719_02_T1,21cd5d55
57.56747927,-116.2641535,0216337c,LC09_L2SP_045020_20240718_20240719_02_T1,0216337c
56.27625664,-118.5473271,9b759e67,LC09_L2SP_046021_20240709_20240710_02_T1,9b759e67
57.52435793,-120.90798,fc1b2dca,LC08_L2SP_047020_20240708_20240718_02_T1,fc1b2dca
58.77111368,-118.4632809,d99f6733,LC08_L2SP_048018_20240629_20240709_02_T1,d99f6733
57.47915166,-116.1055459,9772ef4b,LC09_L2SP_045020_20240718_20240719_02_T1,9772ef4b
57.43512588,-112.7742727,26fd1643,LC09_L2SP_042020_20240627_20240628_02_T1,26fd1643
55.63901207,-112.7742727,838a3d42,LC08_L2SP_042022_20240705_20240712_02_T1,838a3d42
55.59793735,-115.9480193,523d836d,LC09_L2SP_046021_20240709_20240710_02_T1,523d836d
55.55692534,-119.1184563,5bd99fc5,LC09_L2SP_048021_20240707_20240708_02_T1,5bd99fc5
55.51597579,-115.9513153,03620e51,LC09_L2SP_046021_20240709_20240710_02_T1,03620e51
56.76486324,-113.6385561,fc08eea6,LC09_L2SP_045020_20240718_20240719_02_T1,fc08eea6
56.72201716,-116.9064565,8e44e4e8,LC09_L2SP_046021_20240709_20240710_02_T1,8e44e4e8
57.96964604,-114.5165889,c63cf285,LC09_L2SP_045020_20240718_20240719_02_T1,c63cf285
56.17368712,-114.5165889,761e86ad,LC09_L2SP_045020_20240718_20240719_02_T1,761e86ad
57.96964604,-114.5165889,2dab5f0b,LC09_L2SP_045020_20240718_20240719_02_T1,2dab5f0b
57.9247832,-111.1400456,d476ece8,LC08_L2SP_042019_20240721_20240723_02_T1,d476ece8
57.87999787,-114.5123869,65ab40f8,LC09_L2SP_045020_20240718_20240719_02_T1,65ab40f8
56.08401305,-114.5123869,9d1f60e4,LC09_L2SP_045020_20240718_20240719_02_T1,9d1f60e4
57.33231542,-112.1640702,882b1e7d,LC09_L2SP_042020_20240627_20240628_02_T1,882b1e7d
59.12794322,-112.1640702,38bba2c0,LC08_L2SP_042019_20240721_20240723_02_T1,38bba2c0
57.33231542,-112.1640702,284ac233,LC09_L2SP_042020_20240627_20240628_02_T1,284ac233
58.57928292,-114.5953735,dbbd04a9,LC09_L2SP_045020_20240718_20240719_02_T1,dbbd04a9
56.78349907,-114.5953735,82c781e4,LC09_L2SP_045020_20240718_20240719_02_T1,82c781e4
58.03106209,-116.9893389,24b9b4cc,LC09_L2SP_045020_20240718_20240719_02_T1,24b9b4cc
59.27725043,-119.4702383,c1cc5031,LC08_L2SP_048018_20240629_20240709_02_T1,c1cc5031
57.98495646,-117.0793506,40541b8f,LC09_L2SP_045020_20240718_20240719_02_T1,40541b8f
56.69348504,-114.7709718,89e7cd70,LC09_L2SP_045020_20240718_20240719_02_T1,89e7cd70
57.94114443,-117.1589434,32270c1b,LC09_L2SP_045020_20240718_20240719_02_T1,32270c1b
56.14517727,-117.1589434,6ab1bbd4,LC09_L2SP_046021_20240709_20240710_02_T1,6ab1bbd4
56.10331898,-113.943701,6ed0a25f,LC09_L2SP_045020_20240718_20240719_02_T1,6ed0a25f
57.35160123,-111.5941525,5fe5a79f,LC09_L2SP_041021_20240722_20240723_02_T1,5fe5a79f
55.5554631,-111.5941525,b2601a89,LC08_L2SP_042022_20240705_20240712_02_T1,b2601a89
57.35160123,-111.5941525,27b72f46,LC09_L2SP_041021_20240722_20240723_02_T1,27b72f46
56.06050419,-113.8645544,f52dffad,LC09_L2SP_044021_20240711_20240712_02_T1,f52dffad
57.85649579,-113.8645544,7c73fe78,LC09_L2SP_045020_20240718_20240719_02_T1,7c73fe78
59.65197592,-113.8645544,ce99c43d,LC08_L2SP_046018_20240717_20240723_02_T1,ce99c43d
59.60405919,-117.4082272,53c60c60,LC08_L2SP_048018_20240629_20240709_02_T1,53c60c60
59.55623364,-120.9468682,81a1f956,LC08_L2SP_048018_20240629_20240709_02_T1,81a1f956
58.26375105,-118.5372232,f2dd5ecb,LC08_L2SP_047020_20240708_20240718_02_T1,f2dd5ecb
56.97210902,-116.2116298,02687e59,LC09_L2SP_045020_20240718_20240719_02_T1,02687e59
55.68122784,-113.9632589,c10bbbe5,LC09_L2SP_044021_20240711_20240712_02_T1,c10bbbe5
56.92994644,-111.6402907,72fe30f6,LC09_L2SP_041021_20240722_20240723_02_T1,72fe30f6
55.63908886,-113.8862463,0c6b98f9,LC09_L2SP_044021_20240711_20240712_02_T1,0c6b98f9
55.59801403,-117.0599991,1d46a973,LC08_L2SP_046022_20240717_20240723_02_T1,1d46a973
57.39413977,-117.0599991,4fcb0a07,LC09_L2SP_045020_20240718_20240719_02_T1,4fcb0a07
56.10301814,-114.7870945,6d7a5c26,LC09_L2SP_045020_20240718_20240719_02_T1,6d7a5c26
56.0612259,-117.9988296,04432cae,LC09_L2SP_046021_20240709_20240710_02_T1,04432cae
57.309552,-120.3456943,0f39cc48,LC08_L2SP_047021_20240708_20240718_02_T1,0f39cc48
55.51340161,-120.3456943,09750ca2,LC09_L2SP_046021_20240709_20240710_02_T1,09750ca2
57.309552,-120.3456943,14bd62d4,LC08_L2SP_047021_20240708_20240718_02_T1,14bd62d4
55.51340161,-120.3456943,70b10807,LC09_L2SP_046021_20240709_20240710_02_T1,70b10807
55.47251823,-117.1820418,3ff021cb,LC08_L2SP_046022_20240717_20240723_02_T1,3ff021cb
55.43169685,-114.0216576,cc1e2a79,LC09_L2SP_044021_20240711_20240712_02_T1,cc1e2a79
55.39093727,-117.1787868,9d05c9b4,LC08_L2SP_046022_20240717_20240723_02_T1,9d05c9b4
57.18712337,-117.1787868,c4a4337d,LC09_L2SP_046021_20240709_20240710_02_T1,c4a4337d
58.43424979,-119.6000775,ed0549d4,LC08_L2SP_047020_20240708_20240718_02_T1,ed0549d4
57.14250162,-117.2638018,3f26201c,,
58.38967668,-114.8455686,d075936a,,
57.09795639,-112.512097,8b5ab155,LC08_L2SP_043021_20240728_20240801_02_T1,8b5ab155
58.34517991,-114.9272872,947e744f,LC09_L2SP_045020_20240718_20240719_02_T1,947e744f
59.59100993,-117.4312715,5fc1042f,LC08_L2SP_048018_20240629_20240709_02_T1,5fc1042f
57.79551269,-117.4312715,74fd5fd0,LC09_L2SP_045020_20240718_20240719_02_T1,74fd5fd0
56.50415515,-119.7281288,390abcfa,LC09_L2SP_048021_20240707_20240708_02_T1,390abcfa
57.75201601,-117.3526475,62982f62,,62982f62
56.46068438,-115.0584159,23f8b57e,LC09_L2SP_045020_20240718_20240719_02_T1,23f8b57e
55.17008453,-117.2779177,ffda49a5,LC08_L2SP_046022_20240717_20240723_02_T1,ffda49a5
56.41932185,-114.9861776,ab1f4f7d,LC09_L2SP_045020_20240718_20240719_02_T1,ab1f4f7d
58.21521005,-114.9861776,41b51c68,LC09_L2SP_045020_20240718_20240719_02_T1,41b51c68
56.92359798,-117.3087513,a23a942c,LC09_L2SP_046021_20240709_20240710_02_T1,a23a942c
55.63274396,-115.0631587,e04ee7c4,LC09_L2SP_044021_20240711_20240712_02_T1,e04ee7c4
55.59167881,-118.2363997,747a83ff,LC09_L2SP_046021_20240709_20240710_02_T1,747a83ff
55.55067634,-121.4063332,b70765d0,LC09_L2SP_048021_20240707_20240708_02_T1,b70765d0
56.79952842,-119.0914393,b90a417b,LC09_L2SP_046021_20240709_20240710_02_T1,b90a417b
55.50874339,-116.852914,ed52b7c4,LC08_L2SP_046022_20240717_20240723_02_T1,ed52b7c4
55.46786707,-120.0161937,b175e69f,LC09_L2SP_046021_20240709_20240710_02_T1,b175e69f
55.42705275,-116.8561807,9b255bfc,LC08_L2SP_046022_20240717_20240723_02_T1,9b255bfc
57.22322831,-116.8561807,ddec1ea2,LC09_L2SP_045020_20240718_20240719_02_T1,ddec1ea2
58.4703153,-114.4324094,2398a29e,LC09_L2SP_045020_20240718_20240719_02_T1,2398a29e
57.1785445,-112.0938588,9f4981eb,LC08_L2SP_043021_20240728_20240801_02_T1,9f4981eb
58.97421587,-112.0938588,c8e820e5,LC08_L2SP_042019_20240721_20240723_02_T1,c8e820e5
57.1785445,-112.0938588,4c917731,LC08_L2SP_043021_20240728_20240801_02_T1,4c917731
55.88754666,-114.3541483,b4522e47,LC09_L2SP_045020_20240718_20240719_02_T1,b4522e47
55.84608974,-111.1601927,11564e26,LC09_L2SP_041021_20240722_20240723_02_T1,11564e26
55.80469691,-114.3507553,f41f890f,LC09_L2SP_045020_20240718_20240719_02_T1,f41f890f
57.05328864,-116.6814231,dd30fa34,LC09_L2SP_046021_20240709_20240710_02_T1,dd30fa34
58.30056066,-114.2692753,16529ca1,LC09_L2SP_045020_20240718_20240719_02_T1,16529ca1
59.5464419,-111.7686008,9c97f65f,LC08_L2SP_042019_20240721_20240723_02_T1,9c97f65f
58.253966,-114.1775815,d4784d27,LC09_L2SP_045020_20240718_20240719_02_T1,d4784d27
58.20860741,-117.5810497,fd66a4ab,,fd66a4ab
56.41271732,-117.5810497,b2f38750,LC09_L2SP_046021_20240709_20240710_02_T1,b2f38750
56.3704365,-120.8187701,1be82d5d,,1be82d5d
58.16633875,-120.8187701,35a81573,,35a81573
58.1211338,-117.4236548,666b0539,,666b0539
56.8295795,-119.7404032,6852872f,LC09_L2SP_048021_20240707_20240708_02_T1,6852872f
58.62535019,-119.7404032,dbd70387,LC08_L2SP_047020_20240708_20240718_02_T1,dbd70387
58.57933199,-116.3009823,86baddaa,LC09_L2SP_045020_20240718_20240719_02_T1,86baddaa
58.53339628,-119.7358992,be6531db,,be6531db
56.73759931,-119.7358992,e14ac873,,e14ac873
57.98521151,-117.3449946,423dd822,,423dd822
59.23145173,-119.8225662,ff35d4d2,,ff35d4d2
57.93918833,-117.4347245,add412a5,,add412a5
57.89437813,-114.0610353,a6617285,,a6617285
59.1407208,-116.5320452,2d37f796,,2d37f796
57.84851766,-114.1502105,1ff92313,,1ff92313
56.05252375,-114.1502105,8bc3acc9,LC09_L2SP_045020_20240718_20240719_02_T1,8bc3acc9
56.01081042,-117.3577572,cd0806c2,LC09_L2SP_046021_20240709_20240710_02_T1,cd0806c2
57.25918894,-119.7014173,eaba49c8,,eaba49c8
57.2155313,-116.3899751,e725acd7,,e725acd7
55.92451237,-118.6524166,1489d3b8,,1489d3b8
57.17298037,-116.3142176,f4256555,,f4256555
58.42012221,-118.7345382,96188d57,,96188d57
58.37447023,-115.315096,bd384497,,bd384497
58.32889914,-111.9000605,6eb77fe4,,6eb77fe4
57.03721671,-114.2297216,4df80a22,,4df80a22
55.74629894,-111.9776085,d72b4a28,,d72b4a28
55.70505983,-115.16004,adccb4fd,,adccb4fd
56.95375399,-112.8355904,67e73934,,67e73934
58.74948927,-112.8355904,dc5c1d4d,,dc5c1d4d
58.70324746,-116.2872316,51dddebf,,51dddebf
57.41132897,-118.640605,c74f6840,,c74f6840
57.36741717,-115.315477,d5515458,,d5515458
55.57128365,-115.315477,6e677b5c,,6e677b5c
55.53031225,-112.147183,58049e3b,,58049e3b
56.77918509,-114.4608236,fc59989f,,fc59989f
56.7363158,-111.1916811,39cd36f9,,
57.98392938,-113.5825003,1a6ca030,,
56.69245858,-115.8908163,80dc1f42,,
56.64972959,-119.1524554,13a87984,,
57.89743568,-116.7673844,d252105c,,
59.1437749,-119.2386145,27c39a6c,,
59.09681217,-115.7474674,5d7ea217,,
59.04993618,-119.2338529,baff455d,,
57.7577929,-116.8579924,a361eae7,,
59.55330073,-116.8579924,a9981590,,
58.26082014,-119.2674384,d14a40a0,,
56.96917993,-121.5928491,05debd50,,
56.92600102,-118.3071212,e085e887,,
56.88289275,-115.0251805,6d146c59,,
56.83985484,-118.3033507,338070e0,,
56.79688703,-115.0289343,c2c37161,,
58.04443569,-112.6340743,536f9302,,
59.29060888,-115.1159464,dfdc9596,,
59.24337343,-111.6098121,d86cd04d,,
59.19622597,-115.1111085,5334e66b,,
57.90398603,-117.4966138,6db16a75,,
57.85923656,-120.8670114,4aa53033,,
56.56784089,-118.5662942,66577d2c,,
58.36368646,-118.5662942,6a669288,,
57.07198238,-116.234454,94e76cf5,,
57.02863463,-112.9396664,8bd8da24,,
58.27593338,-115.350139,f0f7b35e,,
56.48006263,-115.350139,80e3b342,,
57.72794902,-117.724042,214f8da1,,
57.68350148,-114.3699897,8d383ff2,,
57.63912971,-117.7199451,5ad2ddb7,,
58.88575806,-120.172734,892de66b,,
57.59372198,-117.8075867,9c73cfc4,,9c73cfc4
57.5495027,-121.1493032,61dba232,,61dba232
55.75342213,-121.1493032,7c03da61,,7c03da61
55.71217208,-117.966293,9e7a5278,,9e7a5278
56.96085894,-120.2911851,11b9560e,,11b9560e
58.20823104,-117.8853036,94f8ede9,,94f8ede9
56.91662328,-120.207444,2c69b07d,,2c69b07d
55.62577314,-117.9622501,44ad1b76,,44ad1b76
56.87454853,-120.2817803,8df66838,,8df66838
56.83152423,-117.0043387,6a47d718,,6a47d718
58.0790357,-119.4015168,f8b0862d,,f8b0862d
59.32516964,-116.9171242,7da0e879,,7da0e879
59.27786966,-113.4074402,b57c8a50,,b57c8a50
59.23065797,-116.9122682,9586e13a,,9586e13a
59.18353416,-113.4122714,c9c88438,LC08_L2SP_046018_20240701_20240711_02_T1,c9c88438
57.89130264,-115.7969361,1bd480c3,,1bd480c3
56.59988772,-118.0996016,4c43502a,,4c43502a
57.8476469,-120.4813788,c18bfb53,,c18bfb53
56.55625818,-118.1813648,fbd826f7,,fbd826f7
57.80406376,-120.5602677,578d98fd,,578d98fd
59.05050788,-118.0957415,aeebe06e,,aeebe06e
59.00371717,-121.5774471,f662017f,,f662017f
57.20805417,-121.5774471,c6fe5b48,,c6fe5b48
55.41187418,-121.5774471,05611a63,,05611a63
57.20805417,-121.5774471,c2db0591,,c2db0591
59.00371717,-121.5774471,69d0987d,,69d0987d
58.95701241,-118.1004554,93c17a12,,93c17a12
58.9103932,-114.6281539,9c391553,,9c391553
58.86385917,-111.1605191,81f4af24,,81f4af24
57.06815645,-111.1605191,976ea0e8,,976ea0e8
58.86385917,-111.1605191,3e38705d,,3e38705d
58.81740993,-114.6235104,e7e87ee5,,e7e87ee5
57.52541809,-116.984232,796c1adf,,796c1adf
59.32099132,-116.984232,804e9894,,804e9894
58.02866805,-119.3780374,e943f914,,e943f914
59.2748591,-116.8973121,94c1913e,LC08_L2SP_046018_20240717_20240723_02_T1,94c1913e
59.22765302,-113.3927926,07269e41,,07269e41
57.43205343,-113.3927926,b8090190,,b8090190
55.63593872,-113.3927926,a69dd139,,a69dd139
56.8847037,-111.0726331,dcafb644,LC09_L2SP_041021_20240722_20240723_02_T1,dcafb644
55.59387137,-113.3160042,a2ba1f6d,LC09_L2SP_044021_20240711_20240712_02_T1,a2ba1f6d
57.38999832,-113.3160042,c7b779ea,,c7b779ea
56.09887909,-115.5886649,eb8148d9,LC09_L2SP_045020_20240718_20240719_02_T1,eb8148d9
56.05709332,-112.3772736,bc2ca757,LC09_L2SP_041021_20240722_20240723_02_T1,bc2ca757
57.30542372,-114.7238753,f60bc412,,f60bc412
57.26168906,-118.0394622,05c69ff0,,05c69ff0
58.50873399,-120.4658827,4a5ded11,LC08_L2SP_047020_20240708_20240718_02_T1,4a5ded11
59.7543754,-117.9496773,7ab68414,LC08_L2SP_046018_20240717_20240723_02_T1,7ab68414
58.46175632,-115.5264951,aeb1e208,,aeb1e208
57.16999089,-117.8645054,6cfea23b,,6cfea23b
58.41713599,-120.2846211,6165d6db,,6165d6db
59.66288321,-117.7752772,93b9f74d,LC08_L2SP_046018_20240717_20240723_02_T1,93b9f74d
59.61494569,-121.3200978,4a814603,,4a814603
57.81945517,-121.3200978,c66bf748,,c66bf748
59.06588203,-118.8544694,94d6173e,,94d6173e
57.77372827,-116.4775622,4e048b40,,4e048b40
57.7292025,-119.8358468,cc1251da,,cc1251da
55.93317406,-119.8358468,8c32ead2,LC09_L2SP_048021_20240707_20240708_02_T1,8c32ead2
57.7292025,-119.8358468,b548b213,LC08_L2SP_047020_20240708_20240718_02_T1,b548b213
55.93317406,-119.8358468,853d1e56,LC09_L2SP_048021_20240707_20240708_02_T1,853d1e56
57.18163309,-117.4971011,7a850f29,LC09_L2SP_046021_20240709_20240710_02_T1,7a850f29
57.13810421,-120.8016189,e6ecbb28,,e6ecbb28
58.38528405,-118.3836865,6b84ebe4,LC08_L2SP_047020_20240708_20240718_02_T1,6b84ebe4
58.33969382,-114.9676084,20fb3b1d,LC09_L2SP_045020_20240718_20240719_02_T1,20fb3b1d
58.2941842,-118.3792961,aa78d6e5,LC08_L2SP_047020_20240708_20240718_02_T1,aa78d6e5
56.49831869,-118.3792961,aa39ef7f,LC09_L2SP_046021_20240709_20240710_02_T1,aa39ef7f
55.20769851,-116.1577011,79cb7f62,LC09_L2SP_046021_20240709_20240710_02_T1,79cb7f62
55.16727573,-119.2971164,941aa31d,LC09_L2SP_048021_20240707_20240708_02_T1,941aa31d
56.96352723,-119.2971164,4e48a440,LC09_L2SP_046021_20240709_20240710_02_T1,4e48a440
55.16727573,-119.2971164,660e7a3c,LC09_L2SP_048021_20240707_20240708_02_T1,660e7a3c
56.41651587,-121.5886878,0ddde77a,LC09_L2SP_048021_20240707_20240708_02_T1,0ddde77a
56.37422901,-118.3506455,278fc617,LC09_L2SP_046021_20240709_20240710_02_T1,278fc617
58.17013017,-118.3506455,e8bb16a6,LC08_L2SP_047020_20240708_20240718_02_T1,e8bb16a6
59.41616051,-120.8417031,caea4141,LC08_L2SP_048018_20240629_20240709_02_T1,caea4141
58.12377313,-118.4415197,db7c0ded,LC08_L2SP_047020_20240708_20240718_02_T1,db7c0ded
58.07864253,-115.0504442,beb83445,LC09_L2SP_045020_20240718_20240719_02_T1,beb83445
56.28271503,-115.0504442,8556d482,LC09_L2SP_045020_20240718_20240719_02_T1,8556d482
57.53080955,-117.4115143,ee66f6f7,LC09_L2SP_045020_20240718_20240719_02_T1,ee66f6f7
57.48669667,-114.0755421,88ed1e25,LC09_L2SP_045020_20240718_20240719_02_T1,88ed1e25
56.19552127,-116.3539158,a9eec7dd,LC09_L2SP_045020_20240718_20240719_02_T1,a9eec7dd
57.4437072,-118.709369,e7be7490,LC09_L2SP_046021_20240709_20240710_02_T1,e7be7490
56.15255683,-116.4335395,43d43b72,LC09_L2SP_046021_20240709_20240710_02_T1,43d43b72
57.40078768,-118.7862367,da1633f6,LC09_L2SP_046021_20240709_20240710_02_T1,da1633f6
58.64767989,-116.3501773,b85145eb,LC09_L2SP_045020_20240718_20240719_02_T1,b85145eb
59.89315992,-113.823479,7d01e448,LC08_L2SP_046018_20240717_20240723_02_T1,7d01e448
58.60044398,-116.2562515,b6697a69,LC09_L2SP_045020_20240718_20240719_02_T1,b6697a69
59.84597899,-113.7331318,642b9453,LC08_L2SP_046018_20240717_20240723_02_T1,642b9453
58.05055318,-113.7331318,05266ea2,,05266ea2
56.75904194,-111.4207306,421b67f0,LC09_L2SP_041021_20240722_20240723_02_T1,421b67f0
58.00663118,-113.8130639,7a008267,,7a008267
56.71514663,-111.5033578,58dcfc6f,LC09_L2SP_041021_20240722_20240723_02_T1,58dcfc6f
56.672381,-114.7669558,b9f609fb,LC09_L2SP_045020_20240718_20240719_02_T1,b9f609fb
58.46819662,-114.7669558,b4b23030,LC09_L2SP_045020_20240718_20240719_02_T1,b4b23030
57.17642715,-117.1053726,83e583b4,LC09_L2SP_046021_20240709_20240710_02_T1,83e583b4
55.88543052,-114.8452061,f74a6884,LC09_L2SP_045020_20240718_20240719_02_T1,f74a6884
57.68147279,-114.8452061,39616f1a,LC09_L2SP_045020_20240718_20240719_02_T1,39616f1a
58.92805396,-112.3894165,2662f569,LC08_L2SP_042019_20240721_20240723_02_T1,2662f569
58.8814877,-115.8588174,e4731859,LC08_L2SP_047019_20240622_20240708_02_T1,e4731859
57.58945439,-118.2236876,6a64d7e7,LC08_L2SP_047020_20240708_20240718_02_T1,6a64d7e7
57.54524234,-121.5650137,f7b08c70,LC08_L2SP_048019_20240629_20240709_02_T1,f7b08c70
59.34080998,-121.5650137,80ed7b2a,LC08_L2SP_048019_20240629_20240709_02_T1,80ed7b2a
57.54524234,-121.5650137,68ffbd5d,LC08_L2SP_048019_20240629_20240709_02_T1,68ffbd5d
56.25403273,-119.2831639,08a28d16,LC09_L2SP_046021_20240709_20240710_02_T1,08a28d16
57.50215736,-116.923945,d9bfb02a,LC09_L2SP_045020_20240718_20240719_02_T1,d9bfb02a
55.70606303,-116.923945,c47a33f0,LC09_L2SP_046021_20240709_20240710_02_T1,c47a33f0
55.66488568,-120.1031126,d27d806a,LC09_L2SP_046021_20240709_20240710_02_T1,d27d806a
55.6237714,-116.9272769,0a26101b,LC08_L2SP_046022_20240717_20240723_02_T1,0a26101b
56.87254884,-119.2466831,56f1acc8,LC09_L2SP_046021_20240709_20240710_02_T1,56f1acc8
56.82952779,-115.9694161,5febe599,LC09_L2SP_045020_20240718_20240719_02_T1,5febe599
58.6252985,-115.9694161,89292327,LC09_L2SP_045020_20240718_20240719_02_T1,89292327
58.57928039,-119.408832,9bc58320,LC08_L2SP_047020_20240708_20240718_02_T1,9bc58320
58.53334477,-115.97392,39f0bb19,LC09_L2SP_045020_20240718_20240719_02_T1,39f0bb19
58.48749127,-112.54349,60de2e65,LC08_L2SP_042019_20240721_20240723_02_T1,60de2e65
58.44171954,-115.96946,7c9b999c,LC09_L2SP_045020_20240718_20240719_02_T1,7c9b999c
57.14996669,-113.6327135,07c2ebbe,LC09_L2SP_045020_20240718_20240719_02_T1,07c2ebbe
58.39713362,-111.2139694,0cba6bd7,LC08_L2SP_042019_20240721_20240723_02_T1,0cba6bd7
58.35152239,-114.6311909,d096daf5,LC09_L2SP_045020_20240718_20240719_02_T1,d096daf5
57.05982589,-116.9622686,98857504,LC09_L2SP_046021_20240709_20240710_02_T1,98857504
58.30709083,-114.5496761,a5882bcd,LC09_L2SP_045020_20240718_20240719_02_T1,a5882bcd
57.01542195,-116.8779736,12bdfe1c,LC09_L2SP_046021_20240709_20240710_02_T1,12bdfe1c
55.72451644,-114.6271148,52424a00,LC09_L2SP_045020_20240718_20240719_02_T1,52424a00
57.5206054,-114.6271148,2d345a6c,LC09_L2SP_045020_20240718_20240719_02_T1,2d345a6c
57.47650975,-117.9621575,14fbc3f6,LC09_L2SP_045020_20240718_20240719_02_T1,14fbc3f6
58.72331842,-115.5208125,0dc615a6,LC09_L2SP_045020_20240718_20240719_02_T1,0dc615a6
56.92757568,-115.5208125,30386072,LC09_L2SP_045020_20240718_20240719_02_T1,30386072
56.88446484,-112.2387338,54b4bd65,LC08_L2SP_043021_20240728_20240801_02_T1,54b4bd65
56.84142437,-115.5170414,e42a0699,LC09_L2SP_045020_20240718_20240719_02_T1,e42a0699
56.798454,-118.7915945,81243120,LC09_L2SP_046021_20240709_20240710_02_T1,81243120
55.50766956,-116.5531301,eb6693eb,LC08_L2SP_046022_20240717_20240723_02_T1,eb6693eb
55.46679488,-119.7163239,520d6efa,LC09_L2SP_046021_20240709_20240710_02_T1,520d6efa
57.26295885,-119.7163239,1b611b24,LC08_L2SP_047021_20240708_20240718_02_T1,1b611b24
55.97191278,-117.4511156,43a6f2e9,LC09_L2SP_046021_20240709_20240710_02_T1,43a6f2e9
55.93032501,-114.2502275,9cd92706,LC09_L2SP_045020_20240718_20240719_02_T1,9cd92706
55.88880182,-117.4476936,cc9a3218,LC09_L2SP_046021_20240709_20240710_02_T1,cc9a3218
57.13730676,-119.7836419,a1cb1a19,LC09_L2SP_048021_20240707_20240708_02_T1,a1cb1a19
57.09385122,-116.4830658,0e4ed675,LC09_L2SP_045020_20240718_20240719_02_T1,0e4ed675
55.80290147,-114.2276849,d9ab3bd7,LC09_L2SP_045020_20240718_20240719_02_T1,d9ab3bd7
57.05149504,-111.8971295,0cb9d576,LC09_L2SP_041021_20240722_20240723_02_T1,0cb9d576
55.25526929,-111.8971295,1976be43,LC09_L2SP_041021_20240722_20240723_02_T1,1976be43
57.05149504,-111.8971295,77e71727,LC09_L2SP_041021_20240722_20240723_02_T1,77e71727
55.76056921,-114.1500654,392afdc0,LC09_L2SP_045020_20240718_20240719_02_T1,392afdc0
55.71930817,-117.3336565,7d12fcd1,LC09_L2SP_046021_20240709_20240710_02_T1,7d12fcd1
56.96798771,-115.0083202,2aeab04c,,2aeab04c
55.67710884,-112.7601856,18c27aa1,,18c27aa1
55.63597585,-115.9370095,42041602,LC09_L2SP_046021_20240709_20240710_02_T1,42041602
55.59490577,-112.7635078,f6b3063d,,f6b3063d
56.84371271,-115.0811296,80d4867b,,80d4867b
55.55290318,-117.3221654,53ad687d,,53ad687d
56.80175299,-115.0071343,61d0cd6b,LC09_L2SP_045020_20240718_20240719_02_T1,61d0cd6b
55.51096672,-112.7684828,a658e5f4,,a658e5f4
57.30711781,-112.7684828,d2381191,,d2381191
56.01604639,-115.0362747,5959c32e,,5959c32e
57.26441947,-112.6922823,0bbeddb6,LC08_L2SP_043021_20240728_20240801_02_T1,0bbeddb6
58.51146141,-115.1188912,4bb7beab,LC09_L2SP_045020_20240718_20240719_02_T1,4bb7beab
59.75709966,-112.6024807,d4304bb0,,d4304bb0
59.70898198,-116.1572519,3aac3666,LC08_L2SP_046018_20240717_20240723_02_T1,3aac3666
58.41639436,-113.7371871,1327a721,LC09_L2SP_045020_20240718_20240719_02_T1,1327a721
59.66214244,-116.2464755,bf86fd5e,LC08_L2SP_046018_20240717_20240723_02_T1,bf86fd5e
59.61420633,-112.7017329,04960be7,LC08_L2SP_045018_20240710_20240719_02_T1,04960be7
58.32168402,-115.11532,6b7218e5,,6b7218e5
58.27620619,-118.5252769,53d82db3,LC08_L2SP_047020_20240708_20240718_02_T1,53d82db3
56.48033552,-118.5252769,abd00266,LC09_L2SP_046021_20240709_20240710_02_T1,abd00266
57.72822162,-116.151356,c6cecf1b,,c6cecf1b
58.97475062,-118.6104686,0342a2e4,,0342a2e4
57.68265661,-120.9814085,0dfb2088,LC08_L2SP_048019_20240629_20240709_02_T1,0dfb2088
59.47818556,-120.9814085,11fe8114,,11fe8114
58.18575615,-118.5770464,cb25de12,LC08_L2SP_047020_20240708_20240718_02_T1,cb25de12
58.14051721,-115.1800844,77282d5c,LC09_L2SP_045020_20240718_20240719_02_T1,77282d5c
56.84895105,-117.4980302,003aadb0,LC09_L2SP_046021_20240709_20240710_02_T1,003aadb0
58.64471621,-117.4980302,289e5412,LC08_L2SP_048018_20240629_20240709_02_T1,289e5412
57.35283508,-115.1484027,95bf6225,LC09_L2SP_045020_20240718_20240719_02_T1,95bf6225
57.30902125,-118.4682528,fffc4f93,,fffc4f93
56.01794873,-120.7361562,0b423e99,,0b423e99
57.81395264,-120.7361562,7e4cf90a,LC08_L2SP_047020_20240708_20240718_02_T1,7e4cf90a
57.76935796,-117.3741422,1be27727,LC09_L2SP_045020_20240718_20240719_02_T1,1be27727
59.01584096,-119.8361876,21a22d77,,21a22d77
57.2201814,-119.8361876,2e6519bf,LC08_L2SP_047021_20240708_20240718_02_T1,2e6519bf
55.92915981,-117.5734752,43ec2e43,LC09_L2SP_046021_20240709_20240710_02_T1,43ec2e43
55.88763842,-120.7708456,e1f2d7bb,,e1f2d7bb
55.84618136,-117.5768825,17316d3a,LC09_L2SP_046021_20240709_20240710_02_T1,17316d3a
57.64223501,-117.5768825,8043a7d8,LC09_L2SP_045020_20240718_20240719_02_T1,8043a7d8
55.84618136,-117.5768825,cd1186cb,LC09_L2SP_046021_20240709_20240710_02_T1,cd1186cb
57.09473031,-119.9101512,2e563c30,,2e563c30
58.89042549,-119.9101512,3993b646,LC08_L2SP_048018_20240629_20240709_02_T1,3993b646
57.59838639,-117.544701,b62bb6d7,,b62bb6d7
55.80232001,-117.544701,fb226e49,LC09_L2SP_046021_20240709_20240710_02_T1,fb226e49
55.76099471,-120.7316909,a489abab,,a489abab
57.55707307,-120.7316909,4ea96686,,4ea96686
55.76099471,-120.7316909,124ed819,,124ed819
57.00963141,-118.4037554,657fd4b9,LC09_L2SP_046021_20240709_20240710_02_T1,657fd4b9
58.80535079,-118.4037554,efcca0eb,,efcca0eb
57.51336672,-116.0438126,9e548fb2,LC09_L2SP_045020_20240718_20240719_02_T1,9e548fb2
57.46928328,-112.7094289,d1b7fcd1,,d1b7fcd1
56.17811803,-114.9867712,49ee3376,,49ee3376
56.13620803,-118.2047605,39cba6de,,39cba6de
57.93217777,-118.2047605,30c2a9e8,,30c2a9e8
56.64073824,-115.8996057,51b8666e,,51b8666e
57.88845392,-118.2840817,6dea1c49,,6dea1c49
59.13480325,-120.7546651,9a419e94,,9a419e94
57.3391774,-120.7546651,060eac00,LC09_L2SP_048021_20240707_20240708_02_T1,060eac00
56.04808752,-118.4849929,8344c790,LC09_L2SP_046021_20240709_20240710_02_T1,8344c790
57.84408271,-118.4849929,31bfee68,,31bfee68
59.09048193,-116.0175986,e55f0ce6,,e55f0ce6
57.79831197,-113.6390744,a536c9dc,,a536c9dc
56.50695275,-115.9361009,48628ad9,LC09_L2SP_045020_20240718_20240719_02_T1,48628ad9
57.75481065,-113.5604362,e89cd9bb,,e89cd9bb
55.95878962,-113.5604362,bdcfa020,,bdcfa020
55.91722225,-116.7602435,08f36b40,,08f36b40
55.87571937,-119.9566334,990d2fa4,,990d2fa4
57.12423783,-117.6215085,fa59ff4e,LC09_L2SP_046021_20240709_20240710_02_T1,fa59ff4e
57.08080389,-114.3220925,332fb8c7,,332fb8c7
58.32804604,-116.7361133,dc265e28,,dc265e28
56.53219025,-116.7361133,3734b15f,LC09_L2SP_046021_20240709_20240710_02_T1,3734b15f
57.78002138,-119.1134342,8367c47c,LC08_L2SP_047020_20240708_20240718_02_T1,8367c47c
57.73548484,-115.7545667,94bab67c,LC09_L2SP_045020_20240718_20240719_02_T1,94bab67c
59.53099893,-115.7545667,0d79ba09,,0d79ba09
57.73548484,-115.7545667,f94af085,LC09_L2SP_045020_20240718_20240719_02_T1,f94af085
58.98200572,-113.2949369,4ed0880c,LC08_L2SP_045018_20240710_20240719_02_T1,4ed0880c
57.18633656,-113.2949369,a499737f,,a499737f
57.14279988,-116.5998737,e1393dfd,,e1393dfd
55.85182237,-114.341659,4bea4aa2,LC09_L2SP_045020_20240718_20240719_02_T1,4bea4aa2
55.81042069,-111.1506278,adf93a5b,,adf93a5b
55.7690829,-114.3382781,5460f529,LC09_L2SP_045020_20240718_20240719_02_T1,5460f529
55.72780877,-117.5225616,26bcb0ca,LC09_L2SP_046021_20240709_20240710_02_T1,26bcb0ca
55.68659805,-120.7034921,16cce692,LC09_L2SP_048021_20240707_20240708_02_T1,16cce692
56.93531115,-118.3801903,e6f2d87e,LC09_L2SP_046021_20240709_20240710_02_T1,e6f2d87e
55.64445057,-120.6264529,dbe80410,LC09_L2SP_048021_20240707_20240708_02_T1,dbe80410
55.60336755,-117.4522675,959d0544,LC09_L2SP_046021_20240709_20240710_02_T1,959d0544
56.85216584,-115.1341229,06fd7d42,LC09_L2SP_045020_20240718_20240719_02_T1,06fd7d42
55.56135161,-112.892606,78a01643,LC08_L2SP_042022_20240705_20240712_02_T1,78a01643
57.35748803,-112.892606,52a6e187,,52a6e187
55.56135161,-112.892606,484e8769,,484e8769
55.52039533,-116.0601024,6f5476cd,,6f5476cd
57.31654368,-116.0601024,953aad5a,,953aad5a
59.11217594,-116.0601024,70efc626,LC08_L2SP_046018_20240717_20240723_02_T1,70efc626
59.06527159,-119.548044,bcd8d5e3,LC08_L2SP_048018_20240629_20240709_02_T1,bcd8d5e3
57.77311823,-117.1711768,32899599,LC09_L2SP_045020_20240718_20240719_02_T1,32899599
59.01959702,-119.6334908,0f38c582,LC08_L2SP_048018_20240629_20240709_02_T1,0f38c582
57.22393853,-119.6334908,b045add6,,b045add6
57.18033948,-116.3252002,d7cd2605,LC09_L2SP_045020_20240718_20240719_02_T1,d7cd2605
58.42747329,-118.7460254,541a867f,LC08_L2SP_047020_20240708_20240718_02_T1,541a867f
57.13572937,-121.0818743,cef74252,,cef74252
55.84475587,-118.8240695,ea58be82,,ea58be82
55.80336511,-115.633616,11fb2d7b,,11fb2d7b
57.0519582,-117.9642004,1fe0eb4c,,1fe0eb4c
55.76103211,-115.7112378,8e502858,LC08_L2SP_046021_20240717_20240723_02_T1,8e502858
55.71977036,-118.8948666,866cb386,,866cb386
57.5158607,-118.8948666,e89bf877,LC08_L2SP_047020_20240708_20240718_02_T1,e89bf877
55.71977036,-118.8948666,0ab812c1,LC09_L2SP_046021_20240709_20240710_02_T1,0ab812c1
57.5158607,-118.8948666,d156a704,,d156a704
58.76262585,-121.3389693,0f6312ab,,0f6312ab
56.96689431,-121.3389693,af2217d2,LC09_L2SP_048021_20240707_20240708_02_T1,af2217d2
58.76262585,-121.3389693,58f6a2ee,LC08_L2SP_048019_20240629_20240709_02_T1,58f6a2ee
58.71636028,-117.8860289,b950e484,LC08_L2SP_048018_20240629_20240709_02_T1,b950e484
57.4244334,-115.5318143,e13e3055,LC09_L2SP_045020_20240718_20240719_02_T1,e13e3055
56.13329421,-113.2571232,87b8cb1c,LC09_L2SP_044021_20240711_20240712_02_T1,87b8cb1c
57.92926479,-113.2571232,748fd129,LC09_L2SP_045020_20240718_20240719_02_T1,748fd129
56.13329421,-113.2571232,9b11e649,LC09_L2SP_044021_20240711_20240712_02_T1,9b11e649
56.09145455,-116.471376,1cbad3f6,LC09_L2SP_046021_20240709_20240710_02_T1,1cbad3f6
57.33974917,-118.8201673,35a0c972,LC09_L2SP_046021_20240709_20240710_02_T1,35a0c972
57.29595721,-115.5014953,f2ab7460,,f2ab7460
57.25223834,-112.1867581,8f29cb5e,LC09_L2SP_042020_20240627_20240628_02_T1,8f29cb5e
59.04788881,-112.1867581,95501fb4,LC08_L2SP_042019_20240721_20240723_02_T1,95501fb4
57.25223834,-112.1867581,85bd5e4c,LC09_L2SP_042020_20240627_20240628_02_T1,85bd5e4c
59.04788881,-112.1867581,e290dbf4,LC08_L2SP_042019_20240721_20240723_02_T1,e290dbf4
59.00110292,-115.6681995,9a28a319,LC08_L2SP_046018_20240717_20240723_02_T1,9a28a319
57.20543918,-115.6681995,8e99c24b,LC09_L2SP_045020_20240718_20240719_02_T1,8e99c24b
55.40925842,-115.6681995,e3688fa7,LC09_L2SP_044021_20240711_20240712_02_T1,e3688fa7
55.36853275,-118.8235431,b8bf9dc2,LC09_L2SP_046021_20240709_20240710_02_T1,b8bf9dc2
56.61756991,-116.519801,a54e974b,,a54e974b
57.86531027,-114.1368565,53b5defd,,53b5defd
56.57391096,-116.4379424,7ba4dfa1,,7ba4dfa1
57.82169778,-118.8180072,13ae6dde,LC08_L2SP_047020_20240708_20240718_02_T1,13ae6dde
59.06812212,-121.2837963,4427d1d8,LC08_L2SP_048019_20240629_20240709_02_T1,4427d1d8
57.27247738,-121.2837963,9cac077e,LC09_L2SP_048021_20240707_20240708_02_T1,9cac077e
55.98142586,-119.0180317,52427256,LC09_L2SP_046021_20240709_20240710_02_T1,52427256
55.9398233,-115.8163595,12c546ae,LC09_L2SP_045020_20240718_20240719_02_T1,12c546ae
57.18827545,-118.1555252,89e2b647,LC09_L2SP_046021_20240709_20240710_02_T1,89e2b647
58.43540061,-115.7341555,41ebe724,LC09_L2SP_045020_20240718_20240719_02_T1,41ebe724
59.68112676,-118.244864,f3846329,LC08_L2SP_048018_20240629_20240709_02_T1,f3846329
58.38855838,-115.8267073,9f805e56,LC09_L2SP_045020_20240718_20240719_02_T1,9f805e56
57.09683879,-113.493306,ac6e5e58,LC09_L2SP_045020_20240718_20240719_02_T1,ac6e5e58
58.89253337,-113.493306,9a6d8d28,LC08_L2SP_045018_20240710_20240719_02_T1,9a6d8d28
57.09683879,-113.493306,e50e4404,LC09_L2SP_045020_20240718_20240719_02_T1,e50e4404
55.80588734,-111.2377524,901540c1,LC09_L2SP_041021_20240722_20240723_02_T1,901540c1
57.05447784,-113.5684948,5653cae2,LC09_L2SP_045020_20240718_20240719_02_T1,5653cae2
58.85018446,-113.5684948,d057f690,LC08_L2SP_045018_20240710_20240719_02_T1,d057f690
58.80376009,-117.0301243,1c986de2,LC09_L2SP_045020_20240718_20240719_02_T1,1c986de2
58.75742002,-120.4871403,6ff84311,LC08_L2SP_048019_20240629_20240709_02_T1,6ff84311
58.71116386,-117.034715,67e7bd09,LC09_L2SP_045020_20240718_20240719_02_T1,67e7bd09
58.66499125,-113.5868575,f3f66529,LC08_L2SP_045018_20240710_20240719_02_T1,f3f66529
57.3730972,-111.2359341,3878ca16,LC08_L2SP_042019_20240721_20240723_02_T1,3878ca16
58.62001988,-113.6700675,26725a90,LC08_L2SP_045018_20240710_20240719_02_T1,26725a90
59.86553212,-111.1454663,ac8bc73c,LC08_L2SP_042019_20240721_20240723_02_T1,ac8bc73c
59.81720586,-114.7117708,8a2d7634,LC08_L2SP_046018_20240717_20240723_02_T1,8a2d7634
58.52454306,-112.2842581,ed27a350,LC08_L2SP_042019_20240721_20240723_02_T1,ed27a350
57.23273811,-114.6262394,089ea009,LC09_L2SP_045020_20240718_20240719_02_T1,089ea009
55.94170934,-116.8896837,f09bb650,LC08_L2SP_046021_20240717_20240723_02_T1,f09bb650
57.73773531,-116.8896837,ffbdcdec,LC09_L2SP_045020_20240718_20240719_02_T1,ffbdcdec
58.98425368,-119.3494739,2d4750cb,LC08_L2SP_048018_20240629_20240709_02_T1,2d4750cb
57.69215346,-116.9779134,c7a02dea,LC09_L2SP_045020_20240718_20240719_02_T1,c7a02dea
56.40085735,-114.6872832,8df0a226,LC09_L2SP_045020_20240718_20240719_02_T1,8df0a226
56.35859539,-111.4505674,432c2a64,LC09_L2SP_041021_20240722_20240723_02_T1,432c2a64
58.15450105,-111.4505674,7a595585,LC08_L2SP_042019_20240721_20240723_02_T1,7a595585
56.86292631,-113.7693779,1eb79f38,LC09_L2SP_045020_20240718_20240719_02_T1,1eb79f38
58.65868749,-113.7693779,5b81ae65,LC08_L2SP_045018_20240710_20240719_02_T1,5b81ae65
56.86292631,-113.7693779,c25c209e,LC09_L2SP_045020_20240718_20240719_02_T1,c25c209e
55.5721061,-111.5272482,8dff750b,LC08_L2SP_042022_20240705_20240712_02_T1,8dff750b
57.36823939,-111.5272482,c1b26190,LC09_L2SP_041021_20240722_20240723_02_T1,c1b26190
58.61516741,-113.9610441,3b73c8b5,,3b73c8b5
57.32330507,-111.6133023,a7224191,LC09_L2SP_041021_20240722_20240723_02_T1,a7224191
57.27954058,-114.9304955,79a32ca3,LC09_L2SP_045020_20240718_20240719_02_T1,79a32ca3
58.52656596,-112.502843,ef82fe55,,ef82fe55
56.73076704,-112.502843,fb159a33,LC09_L2SP_044021_20240711_20240712_02_T1,fb159a33
56.68797615,-115.7677913,52559408,LC09_L2SP_045020_20240718_20240719_02_T1,52559408
56.6452544,-119.0290438,79a00329,LC09_L2SP_046021_20240709_20240710_02_T1,79a00329
58.44107778,-119.0290438,fded4445,LC08_L2SP_047020_20240708_20240718_02_T1,fded4445
59.68679739,-121.5401768,b6ce4ae5,LC08_L2SP_051018_20240618_20240706_02_T1,b6ce4ae5
57.89132702,-121.5401768,8c23c710,LC08_L2SP_048019_20240629_20240709_02_T1,8c23c710
59.13767312,-119.0693866,5b19f557,LC08_L2SP_048018_20240629_20240709_02_T1,5b19f557
57.34204808,-119.0693866,cdea0923,,cdea0923
56.05095654,-121.3392274,c79073ab,LC09_L2SP_048021_20240707_20240708_02_T1,c79073ab
57.84695091,-121.3392274,183c356e,,183c356e
56.05095654,-121.3392274,f74faa1f,LC09_L2SP_048021_20240707_20240708_02_T1,f74faa1f
57.29929333,-118.9930163,6acc8243,,6acc8243
58.54629706,-116.5639989,8fb331a5,,8fb331a5
58.50042043,-119.9956912,76b22be9,LC08_L2SP_047020_20240708_20240718_02_T1,76b22be9
58.45462566,-116.5684651,a2860f5b,LC09_L2SP_045020_20240718_20240719_02_T1,a2860f5b
57.16286471,-118.9060254,59326e75,LC09_L2SP_046021_20240709_20240710_02_T1,59326e75
55.36667153,-118.9060254,95b22c90,LC09_L2SP_046021_20240709_20240710_02_T1,95b22c90
55.32601011,-115.7540639,c77865bd,LC09_L2SP_044021_20240711_20240712_02_T1,c77865bd
55.28540991,-112.6053233,9c6d3906,,9c6d3906
55.24487071,-115.7508561,da6d7a87,LC09_L2SP_044021_20240711_20240712_02_T1,da6d7a87
55.20439231,-118.8931939,572008c4,LC09_L2SP_046021_20240709_20240710_02_T1,572008c4
56.45359513,-116.5993898,4c8e4724,LC09_L2SP_046021_20240709_20240710_02_T1,4c8e4724
57.70150953,-114.2272176,b9b03618,LC09_L2SP_045020_20240718_20240719_02_T1,b9b03618
57.65710708,-117.5788314,905ee3bc,,905ee3bc
56.3658317,-119.8673594,6e2eb74c,LC09_L2SP_048021_20240707_20240708_02_T1,6e2eb74c
58.16173528,-119.8673594,b2c5817f,LC08_L2SP_047020_20240708_20240718_02_T1,b2c5817f
59.40777518,-117.3769177,34a25b7a,LC08_L2SP_048018_20240629_20240709_02_T1,34a25b7a
58.11539347,-114.9772979,e15c2ed0,LC09_L2SP_045020_20240718_20240719_02_T1,e15c2ed0
59.36148612,-112.4902502,900e8029,LC08_L2SP_045018_20240710_20240719_02_T1,900e8029
57.5659243,-112.4902502,016244ea,LC09_L2SP_042020_20240627_20240628_02_T1,016244ea
56.27470258,-114.7733311,7347522d,LC09_L2SP_045020_20240718_20240719_02_T1,7347522d
57.52280551,-117.1338837,d44f759f,LC09_L2SP_045020_20240718_20240719_02_T1,d44f759f
56.23160903,-119.4143999,0a0f0330,LC09_L2SP_046021_20240709_20240710_02_T1,0a0f0330
56.18961488,-116.1919376,24901b00,LC09_L2SP_045020_20240718_20240719_02_T1,24901b00
57.437807,-113.8368638,635feb91,LC09_L2SP_045020_20240718_20240719_02_T1,635feb91
56.14666005,-116.1123447,fec47f5b,LC09_L2SP_045020_20240718_20240719_02_T1,fec47f5b
56.10479943,-119.3277106,aa7121d7,LC09_L2SP_048021_20240707_20240708_02_T1,aa7121d7
57.90077824,-119.3277106,82eb76d9,LC08_L2SP_047020_20240708_20240718_02_T1,82eb76d9
56.10479943,-119.3277106,536177ba,LC09_L2SP_048021_20240707_20240708_02_T1,536177ba
57.35308013,-116.9780675,5ce68bf2,LC09_L2SP_045020_20240718_20240719_02_T1,5ce68bf2
58.60002482,-119.4108108,78b14623,LC08_L2SP_047020_20240708_20240718_02_T1,78b14623
59.84556032,-116.8877229,53f49950,,53f49950
59.79727258,-113.3235492,267a5ba6,LC08_L2SP_046018_20240717_20240723_02_T1,267a5ba6
58.50462367,-115.749686,08e2655f,LC09_L2SP_045020_20240718_20240719_02_T1,08e2655f
58.45882142,-119.1773208,4fff6604,LC08_L2SP_047020_20240708_20240718_02_T1,4fff6604
58.41310071,-115.7541324,4e6c04f8,,4e6c04f8
57.12136578,-113.4191882,ff2a6eef,,ff2a6eef
58.91705338,-113.4191882,0697311e,,0697311e
58.8705072,-116.8874888,a408e5f6,LC09_L2SP_045020_20240718_20240719_02_T1,a408e5f6
57.57848101,-114.5233308,dfd4f1ff,LC09_L2SP_045020_20240718_20240719_02_T1,dfd4f1ff
59.37403929,-114.5233308,e6758208,LC08_L2SP_046018_20240717_20240723_02_T1,e6758208
58.08168034,-112.1259752,ae71b279,LC08_L2SP_042019_20240721_20240723_02_T1,ae71b279
56.79015014,-114.4402912,f94b395e,LC09_L2SP_045020_20240718_20240719_02_T1,f94b395e
58.5859321,-114.4402912,bb509f38,,bb509f38
59.83148397,-111.9182686,4d56eaf3,,4d56eaf3
58.53881121,-114.346768,cca682e9,,cca682e9
59.78441777,-116.8652361,00bc93a9,LC08_L2SP_048018_20240629_20240709_02_T1,00bc93a9
58.49177782,-114.4399856,67c565c4,LC09_L2SP_045020_20240718_20240719_02_T1,67c565c4
59.73743884,-116.9549175,440f69e5,LC08_L2SP_048018_20240629_20240709_02_T1,440f69e5
57.94198266,-116.9549175,6fa5bdc9,LC09_L2SP_045020_20240718_20240719_02_T1,6fa5bdc9
56.65053722,-119.2606705,55b490c9,LC09_L2SP_046021_20240709_20240710_02_T1,55b490c9
55.35983419,-121.4907814,802c7f9e,,802c7f9e
57.15602938,-121.4907814,98ef6cdc,,98ef6cdc
55.86504435,-119.2317993,7a4b25a0,LC09_L2SP_048021_20240707_20240708_02_T1,7a4b25a0
55.82362224,-116.0396865,4a0373ea,,4a0373ea
57.07219446,-118.37154,328014c0,,328014c0
55.27597477,-118.37154,b9c255aa,LC09_L2SP_046021_20240709_20240710_02_T1,b9c255aa
56.52510547,-116.0734148,52018bbf,LC09_L2SP_045020_20240718_20240719_02_T1,52018bbf
57.77294412,-113.6965592,b0c6c009,,b0c6c009
56.48160003,-115.9920532,e6496738,LC09_L2SP_045020_20240718_20240719_02_T1,e6496738
57.72948479,-113.6180495,7ac2e546,LC09_L2SP_045020_20240718_20240719_02_T1,7ac2e546
57.68503463,-116.9722436,2788aa65,LC09_L2SP_045020_20240718_20240719_02_T1,2788aa65
56.39374274,-114.6820408,1f9ddac9,LC09_L2SP_045020_20240718_20240719_02_T1,1f9ddac9
56.35149209,-117.9181544,63b86abb,LC09_L2SP_046021_20240709_20240710_02_T1,63b86abb
57.59951426,-115.5526309,81611103,LC09_L2SP_045020_20240718_20240719_02_T1,81611103
58.84618665,-113.1026415,062c5637,LC08_L2SP_045018_20240710_20240719_02_T1,062c5637
57.55417621,-115.4652239,374254f8,LC09_L2SP_045020_20240718_20240719_02_T1,374254f8
57.51002386,-112.127121,192a2605,LC08_L2SP_042019_20240721_20240723_02_T1,192a2605
56.21883485,-114.4068782,82379b1b,LC09_L2SP_045020_20240718_20240719_02_T1,82379b1b
57.46699637,-112.0499264,3c620dc8,LC09_L2SP_042020_20240627_20240628_02_T1,3c620dc8
55.67089182,-112.0499264,7fb3aa2a,LC08_L2SP_042022_20240705_20240712_02_T1,7fb3aa2a
56.91962102,-114.3722529,851acfe8,LC09_L2SP_045020_20240718_20240719_02_T1,851acfe8
55.62876921,-112.1268877,ebb16b12,LC09_L2SP_041021_20240722_20240723_02_T1,ebb16b12
57.42488601,-112.1268877,1c60ed39,LC09_L2SP_042020_20240627_20240628_02_T1,1c60ed39
57.38095146,-115.4532419,780f1462,LC09_L2SP_045020_20240718_20240719_02_T1,780f1462
56.08983746,-117.7253699,87ac8edb,LC09_L2SP_046021_20240709_20240710_02_T1,87ac8edb
57.33813376,-115.3766817,c5d5e151,LC09_L2SP_045020_20240718_20240719_02_T1,c5d5e151
56.04704448,-117.6462927,adbc6a1a,LC09_L2SP_046021_20240709_20240710_02_T1,adbc6a1a
57.84303998,-117.6462927,68f00f4a,LC09_L2SP_045020_20240718_20240719_02_T1,68f00f4a
57.79839537,-114.2815756,0fe42be8,LC09_L2SP_045020_20240718_20240719_02_T1,0fe42be8
59.5938918,-114.2815756,1d24dd95,LC08_L2SP_046018_20240717_20240723_02_T1,1d24dd95
58.30138343,-111.8693717,f9a1acd4,LC08_L2SP_042019_20240721_20240723_02_T1,f9a1acd4
57.00971809,-114.1973126,179c3727,LC09_L2SP_045020_20240718_20240719_02_T1,179c3727
55.21348012,-114.1973126,a1a64438,LC09_L2SP_044021_20240711_20240712_02_T1,a1a64438
56.46267379,-116.4916642,e1540239,LC09_L2SP_045020_20240718_20240719_02_T1,e1540239
56.42031343,-119.7336246,4d8194d1,LC09_L2SP_048021_20240707_20240708_02_T1,4d8194d1
58.21620134,-119.7336246,a6f01ef8,LC08_L2SP_047020_20240708_20240718_02_T1,a6f01ef8
56.92458867,-117.4109893,c1c69079,LC09_L2SP_046021_20240709_20240710_02_T1,c1c69079
55.63373408,-115.1653401,f2d58aaf,LC09_L2SP_044021_20240711_20240712_02_T1,f2d58aaf
56.88250133,-112.8453172,22656e7c,LC09_L2SP_044021_20240711_20240712_02_T1,22656e7c
58.67825692,-112.8453172,23051f3a,LC08_L2SP_045018_20240710_20240719_02_T1,23051f3a
58.63214361,-116.2899336,f32f5d78,LC09_L2SP_045020_20240718_20240719_02_T1,f32f5d78
57.34027048,-118.6387583,265ec867,LC09_L2SP_046021_20240709_20240710_02_T1,265ec867
55.54412905,-118.6387583,5b11f1e9,LC09_L2SP_046021_20240709_20240710_02_T1,5b11f1e9
55.50319897,-115.4726439,dbac5727,LC09_L2SP_044021_20240711_20240712_02_T1,dbac5727
56.75209943,-117.7846183,2a9f48fd,LC09_L2SP_046021_20240709_20240710_02_T1,2a9f48fd
56.70927402,-121.0514129,2364bee4,LC09_L2SP_048021_20240707_20240708_02_T1,2364bee4
58.50507909,-121.0514129,68337609,LC08_L2SP_048019_20240629_20240709_02_T1,68337609
56.70927402,-121.0514129,8b7d40f2,LC09_L2SP_048021_20240707_20240708_02_T1,8b7d40f2
56.66651788,-117.7883222,cabc2b95,LC09_L2SP_046021_20240709_20240710_02_T1,cabc2b95
56.62383073,-121.0477252,63cbeae1,LC09_L2SP_048021_20240707_20240708_02_T1,63cbeae1
55.3331423,-118.8191143,5c0bd30a,LC09_L2SP_046021_20240709_20240710_02_T1,5c0bd30a
57.12934528,-118.8191143,74dcd428,LC09_L2SP_046021_20240709_20240710_02_T1,74dcd428
58.92503062,-118.8191143,92b255df,LC08_L2SP_048018_20240629_20240709_02_T1,92b255df
57.12934528,-118.8191143,c4c43083,LC09_L2SP_046021_20240709_20240710_02_T1,c4c43083
58.37653466,-121.2364478,ffc8bb06,LC08_L2SP_048019_20240629_20240709_02_T1,ffc8bb06
56.58069278,-121.2364478,15d82a9f,LC09_L2SP_048021_20240707_20240708_02_T1,15d82a9f
56.53814364,-117.9844166,4b144e0b,LC09_L2SP_046021_20240709_20240710_02_T1,4b144e0b
58.33399773,-117.9844166,ef6328e5,LC08_L2SP_047020_20240708_20240718_02_T1,ef6328e5
57.04231213,-115.6544364,0bd35ae6,LC09_L2SP_045020_20240718_20240719_02_T1,0bd35ae6
58.28959606,-113.2430347,06cc0f5f,LC09_L2SP_045020_20240718_20240719_02_T1,06cc0f5f
56.49372924,-113.2430347,3df49484,,
57.74160115,-115.6178327,6256f138,LC09_L2SP_045020_20240718_20240719_02_T1,6256f138
58.9881152,-113.1577671,0ebc8496,LC08_L2SP_045018_20240710_20240719_02_T1,0ebc8496
57.19244777,-113.1577671,9ae070a2,LC08_L2SP_043021_20240728_20240801_02_T1,9ae070a2
57.14890096,-116.4632484,f1833e38,LC09_L2SP_045020_20240718_20240719_02_T1,f1833e38
58.39606905,-114.0445773,8e144591,LC09_L2SP_045020_20240718_20240719_02_T1,8e144591
56.60023277,-114.0445773,e6fd9161,LC09_L2SP_045020_20240718_20240719_02_T1,e6fd9161
56.55765226,-117.2982833,bc3750f8,LC09_L2SP_046021_20240709_20240710_02_T1,bc3750f8
58.35350075,-117.2982833,7e73fe1e,LC09_L2SP_045020_20240718_20240719_02_T1,7e73fe1e
58.30796674,-120.7112991,2cb1f8da,LC08_L2SP_048019_20240629_20240709_02_T1,2cb1f8da
59.55383948,-118.210076,47aa330c,LC08_L2SP_048018_20240629_20240709_02_T1,47aa330c
57.75833181,-118.210076,c6830ef5,LC08_L2SP_047020_20240708_20240718_02_T1,c6830ef5
57.71383236,-121.5669358,fb835b2e,LC08_L2SP_048019_20240629_20240709_02_T1,fb835b2e
57.66940891,-118.214186,fb256c2c,LC08_L2SP_047020_20240708_20240718_02_T1,fb256c2c
57.62506112,-114.8655271,d7837e85,LC09_L2SP_045020_20240718_20240719_02_T1,d7837e85
56.33380464,-117.1521372,e86114d8,LC09_L2SP_046021_20240709_20240710_02_T1,e86114d8
56.29164907,-120.3831876,91f215e4,LC09_L2SP_048021_20240707_20240708_02_T1,91f215e4
58.08757399,-120.3831876,d13b49ed,LC08_L2SP_047020_20240708_20240718_02_T1,d13b49ed
58.04250649,-116.9955386,694782c8,LC09_L2SP_045020_20240718_20240719_02_T1,694782c8
56.75100015,-119.3074455,dc7c10f2,LC09_L2SP_046021_20240709_20240710_02_T1,dc7c10f2
55.46024192,-121.5432215,284d7c8d,LC09_L2SP_048021_20240707_20240708_02_T1,284d7c8d
56.70918606,-119.2338809,09d5c66f,LC09_L2SP_046021_20240709_20240710_02_T1,09d5c66f
55.41845086,-117.0004671,2a4beada,LC08_L2SP_046022_20240717_20240723_02_T1,2a4beada
56.66743743,-114.6936818,c0f1a40a,LC09_L2SP_045020_20240718_20240719_02_T1,c0f1a40a
55.37672515,-112.4626204,6ca9d7a4,LC09_L2SP_041021_20240722_20240723_02_T1,6ca9d7a4
55.33604858,-115.6153794,627de14e,LC09_L2SP_044021_20240711_20240712_02_T1,627de14e
57.13225071,-115.6153794,a864611d,LC09_L2SP_045020_20240718_20240719_02_T1,a864611d
58.37943693,-118.0329115,c6261c24,LC08_L2SP_047020_20240708_20240718_02_T1,c6261c24
59.62522756,-115.526379,e0041527,LC08_L2SP_046018_20240717_20240723_02_T1,e0041527
58.33269768,-113.1120408,33e8cd9c,LC08_L2SP_043020_20240728_20240801_02_T1,33e8cd9c
58.28720042,-116.5230559,f8623a99,LC09_L2SP_045020_20240718_20240719_02_T1,f8623a99
59.53309697,-119.0227412,6435d7ea,LC08_L2SP_048018_20240629_20240709_02_T1,6435d7ea
57.73758346,-119.0227412,3efe75db,LC08_L2SP_047020_20240708_20240718_02_T1,3efe75db
56.44626041,-121.3161033,768e9a5b,LC09_L2SP_048021_20240707_20240708_02_T1,768e9a5b
58.24214087,-121.3161033,256b9a5a,LC08_L2SP_048019_20240629_20240709_02_T1,256b9a5a
56.9505122,-118.9918555,cf4852eb,LC09_L2SP_046021_20240709_20240710_02_T1,cf4852eb
56.90736385,-115.7077662,00ad4c96,LC09_L2SP_045020_20240718_20240719_02_T1,00ad4c96
58.15479369,-118.1100387,5fb43854,LC08_L2SP_047020_20240708_20240718_02_T1,5fb43854
58.10960892,-121.5040572,e9e34873,LC08_L2SP_048019_20240629_20240709_02_T1,e9e34873
59.90501824,-121.5040572,a40eb606,LC08_L2SP_051017_20240602_20240611_02_T1,a40eb606
58.10960892,-121.5040572,15382d5d,LC08_L2SP_048019_20240629_20240709_02_T1,15382d5d
59.35570814,-119.0174323,1d51c7ce,LC08_L2SP_048018_20240629_20240709_02_T1,1d51c7ce
58.06336154,-116.621305,9b44804f,,9b44804f
59.30951327,-119.104555,3e2aa4af,,3e2aa4af
57.51393679,-119.104555,c2b1f311,LC08_L2SP_047020_20240708_20240718_02_T1,c2b1f311
56.2227455,-116.8245655,829756d5,LC09_L2SP_046021_20240709_20240710_02_T1,829756d5
58.01869027,-116.8245655,b5395fc1,LC09_L2SP_045020_20240718_20240719_02_T1,b5395fc1
56.7271984,-119.1350108,add93988,LC09_L2SP_046021_20240709_20240710_02_T1,add93988
57.97482174,-116.7447985,a2c941e0,LC09_L2SP_045020_20240718_20240719_02_T1,a2c941e0
56.68335645,-114.4370396,f0780379,LC09_L2SP_045020_20240718_20240719_02_T1,f0780379
57.93102665,-112.0497402,01033e46,LC08_L2SP_042019_20240721_20240723_02_T1,01033e46
56.13505658,-112.0497402,ae85bfb9,LC09_L2SP_041021_20240722_20240723_02_T1,ae85bfb9
56.09321416,-115.2641397,f66c9932,LC09_L2SP_045020_20240718_20240719_02_T1,f66c9932
57.88919632,-115.2641397,0b767c31,LC09_L2SP_045020_20240718_20240719_02_T1,0b767c31
59.13554481,-112.7935029,a5b0b06c,LC08_L2SP_045018_20240710_20240719_02_T1,a5b0b06c
59.0885973,-116.2838144,01070fe4,LC08_L2SP_046018_20240717_20240723_02_T1,01070fe4
59.04173645,-119.7693686,c3e9e84d,LC08_L2SP_048018_20240629_20240709_02_T1,c3e9e84d
57.74959857,-117.394046,22dd0d95,LC09_L2SP_045020_20240718_20240719_02_T1,22dd0d95
58.99610367,-119.8546816,181e0fdc,LC08_L2SP_048018_20240629_20240709_02_T1,181e0fdc
57.7039957,-117.4823467,26d1eee2,LC09_L2SP_045020_20240718_20240719_02_T1,26d1eee2
55.90795995,-117.4823467,57b57965,LC09_L2SP_046021_20240709_20240710_02_T1,57b57965
57.15644508,-119.8195018,32d03ef5,LC09_L2SP_048021_20240707_20240708_02_T1,32d03ef5
58.95212273,-119.8195018,9b4bef19,LC08_L2SP_048018_20240629_20240709_02_T1,9b4bef19
58.90551247,-116.3476905,0f79c2f2,LC08_L2SP_047019_20240622_20240708_02_T1,0f79c2f2
57.61346357,-113.9812603,ad7486e8,LC09_L2SP_045020_20240718_20240719_02_T1,ad7486e8
59.40901199,-113.9812603,59d8d521,LC08_L2SP_046018_20240717_20240723_02_T1,59d8d521
58.11662944,-116.3809632,8178cf39,LC09_L2SP_045020_20240718_20240719_02_T1,8178cf39
58.07151131,-112.9905645,6b48fcef,LC09_L2SP_042020_20240627_20240628_02_T1,6b48fcef
58.02647176,-116.3766957,6eed140d,LC09_L2SP_045020_20240718_20240719_02_T1,6eed140d
57.98151046,-112.9948118,430679e6,LC09_L2SP_042020_20240627_20240628_02_T1,430679e6
56.69004113,-115.3029798,13f6637e,LC09_L2SP_045020_20240718_20240719_02_T1,13f6637e
56.64731604,-118.5644104,9d6f47f1,LC09_L2SP_046021_20240709_20240710_02_T1,9d6f47f1
57.8950247,-120.9493217,46f56f01,LC08_L2SP_048019_20240629_20240709_02_T1,46f56f01
59.69049403,-120.9493217,63373b79,LC08_L2SP_048018_20240629_20240709_02_T1,63373b79
58.39791919,-118.5305237,d54059d1,LC08_L2SP_047020_20240708_20240718_02_T1,d54059d1
57.10619375,-116.1965342,38bc2a4e,LC09_L2SP_045020_20240718_20240719_02_T1,38bc2a4e
58.90188567,-116.1965342,95209afe,LC08_L2SP_047019_20240622_20240708_02_T1,95209afe
57.60983912,-118.5627288,d400ade4,LC08_L2SP_047020_20240708_20240718_02_T1,d400ade4
55.81377607,-118.5627288,2ede8b8e,LC09_L2SP_046021_20240709_20240710_02_T1,2ede8b8e
57.06235845,-120.8939652,28542c95,LC09_L2SP_048021_20240707_20240708_02_T1,28542c95
55.77142649,-118.6404029,964e84b5,LC09_L2SP_046021_20240709_20240710_02_T1,964e84b5
57.56750182,-118.6404029,d800a240,LC08_L2SP_047020_20240708_20240718_02_T1,d800a240
57.52332693,-115.3010833,7e55f470,LC09_L2SP_045020_20240718_20240719_02_T1,7e55f470
57.47922669,-118.6363739,05ca7df3,LC09_L2SP_046021_20240709_20240710_02_T1,05ca7df3
55.6831257,-118.6363739,9e827ca0,LC09_L2SP_046021_20240709_20240710_02_T1,9e827ca0
56.93184236,-120.95946,4fc14b1d,LC09_L2SP_048021_20240707_20240708_02_T1,4fc14b1d
56.88872454,-117.6770076,19ea7fb8,LC09_L2SP_046021_20240709_20240710_02_T1,19ea7fb8
58.68447836,-117.6770076,cff2a207,LC08_L2SP_048018_20240629_20240709_02_T1,cff2a207
57.39257187,-115.324837,06548dc0,LC09_L2SP_045020_20240718_20240719_02_T1,06548dc0
55.59644567,-115.324837,652cc05c,LC09_L2SP_044021_20240711_20240712_02_T1,652cc05c
56.84525104,-113.0071201,a56268f7,LC09_L2SP_044021_20240711_20240712_02_T1,a56268f7
56.80227444,-116.2820066,cd50e6b7,LC09_L2SP_045020_20240718_20240719_02_T1,cd50e6b7
58.59805293,-116.2820066,e15b71c6,LC09_L2SP_045020_20240718_20240719_02_T1,e15b71c6
57.30620146,-113.9353553,5d700fcd,LC09_L2SP_045020_20240718_20240719_02_T1,5d700fcd
58.55319762,-116.3648505,1f4eb4cb,LC09_L2SP_045020_20240718_20240719_02_T1,1f4eb4cb
57.26137457,-118.7086495,acb04fee,LC09_L2SP_046021_20240709_20240710_02_T1,acb04fee
55.97032941,-120.9737652,fdc78eca,LC09_L2SP_048021_20240707_20240708_02_T1,fdc78eca
55.9287441,-117.7730076,75142d21,LC09_L2SP_046021_20240709_20240710_02_T1,75142d21
55.88722336,-120.9703438,991aca95,LC09_L2SP_048021_20240707_20240708_02_T1,991aca95
57.68326511,-120.9703438,7e930580,LC08_L2SP_048019_20240629_20240709_02_T1,7e930580
59.47879389,-120.9703438,a91d8903,LC08_L2SP_048018_20240629_20240709_02_T1,a91d8903
57.68326511,-120.9703438,6c0c9c9d,LC08_L2SP_048019_20240629_20240709_02_T1,6c0c9c9d
56.39197427,-118.6802472,56707ef2,LC09_L2SP_046021_20240709_20240710_02_T1,56707ef2
57.63995376,-121.0484015,a1bc4ae1,LC08_L2SP_048019_20240629_20240709_02_T1,a1bc4ae1
57.59565605,-117.7024485,32b5d262,LC09_L2SP_045020_20240718_20240719_02_T1,32b5d262
55.79958889,-117.7024485,857c9dc1,LC09_L2SP_046021_20240709_20240710_02_T1,857c9dc1
57.04818587,-120.0327966,15838d0f,LC09_L2SP_048021_20240707_20240708_02_T1,15838d0f
55.75726191,-117.7800514,ee22404d,LC09_L2SP_046021_20240709_20240710_02_T1,ee22404d
57.55334136,-117.7800514,360a204a,LC09_L2SP_045020_20240718_20240719_02_T1,360a204a
55.75726191,-117.7800514,b629d1cc,LC09_L2SP_046021_20240709_20240710_02_T1,b629d1cc
57.55334136,-117.7800514,0107dee8,LC09_L2SP_045020_20240718_20240719_02_T1,0107dee8
57.50919042,-121.1180782,8a453cdb,LC08_L2SP_048019_20240629_20240709_02_T1,8a453cdb
56.2180019,-118.8383704,1c1215e6,LC09_L2SP_046021_20240709_20240710_02_T1,1c1215e6
58.01394804,-118.8383704,52f5af73,LC08_L2SP_047020_20240708_20240718_02_T1,52f5af73
56.72245905,-121.148525,2acbaa15,LC09_L2SP_048021_20240707_20240708_02_T1,2acbaa15
58.51826035,-121.148525,d79f73c2,LC08_L2SP_048019_20240629_20240709_02_T1,d79f73c2
57.22645936,-118.8069418,d0e3c09c,LC09_L2SP_046021_20240709_20240710_02_T1,d0e3c09c
55.43028474,-118.8069418,19d06908,LC09_L2SP_046021_20240709_20240710_02_T1,19d06908
56.6792593,-116.4994336,c01270f0,LC09_L2SP_045020_20240718_20240719_02_T1,c01270f0
56.63655161,-119.7599344,b2e8094a,LC09_L2SP_048021_20240707_20240708_02_T1,b2e8094a
58.43237749,-119.7599344,a1b64614,LC08_L2SP_047020_20240708_20240718_02_T1,a1b64614
57.14063049,-117.4237767,d2130325,LC09_L2SP_046021_20240709_20240710_02_T1,d2130325
57.09716946,-114.1229055,1f0f8a6e,LC09_L2SP_045020_20240718_20240719_02_T1,1f0f8a6e
57.0537802,-117.419922,7b82ac51,LC09_L2SP_046021_20240709_20240710_02_T1,7b82ac51
58.30105169,-119.8321033,cb480440,LC08_L2SP_047020_20240708_20240718_02_T1,cb480440
59.54693236,-117.3313925,5e009ed0,LC08_L2SP_048018_20240629_20240709_02_T1,5e009ed0
58.25445612,-119.7404064,448e712a,LC08_L2SP_047020_20240708_20240718_02_T1,448e712a
56.96281984,-117.4153921,ae0b6a05,LC09_L2SP_046021_20240709_20240710_02_T1,ae0b6a05
58.21018982,-119.8214061,52a05939,LC08_L2SP_047020_20240708_20240718_02_T1,52a05939
59.45617446,-117.3274041,3ba4e985,LC08_L2SP_048018_20240629_20240709_02_T1,3ba4e985
59.40862868,-120.8506205,cb125392,LC08_L2SP_048018_20240629_20240709_02_T1,cb125392
59.36117232,-117.3323296,abe55db4,LC08_L2SP_048018_20240629_20240709_02_T1,abe55db4
58.06882204,-114.9358363,ffe9fcf8,LC09_L2SP_045020_20240718_20240719_02_T1,ffe9fcf8
56.77729968,-117.2493609,0dd55d07,LC09_L2SP_046021_20240709_20240710_02_T1,0dd55d07
58.02486936,-114.8558094,1a0a6e1a,LC09_L2SP_045020_20240718_20240719_02_T1,1a0a6e1a
56.73337374,-117.1666337,52491cd2,LC09_L2SP_046021_20240709_20240710_02_T1,52491cd2
58.52917191,-117.1666337,6eb9a817,LC09_L2SP_045020_20240718_20240719_02_T1,6eb9a817
56.73337374,-117.1666337,d5a411f5,LC09_L2SP_046021_20240709_20240710_02_T1,d5a411f5
55.44262523,-119.4014132,4d33632d,LC09_L2SP_048021_20240707_20240708_02_T1,4d33632d
57.23879625,-119.4014132,e64785b3,LC09_L2SP_046021_20240709_20240710_02_T1,e64785b3
55.44262523,-119.4014132,7c7b7031,LC09_L2SP_048021_20240707_20240708_02_T1,7c7b7031
56.69158726,-117.0931506,a26ed397,LC09_L2SP_046021_20240709_20240710_02_T1,a26ed397
57.93924867,-114.7053049,bd9b5377,LC09_L2SP_045020_20240718_20240719_02_T1,bd9b5377
57.89443837,-118.0789997,bea68a60,LC08_L2SP_047020_20240708_20240718_02_T1,bea68a60
59.14078096,-115.6079855,bc1d15eb,LC08_L2SP_046018_20240717_20240723_02_T1,bc1d15eb
57.84857779,-117.9898243,d958fb01,LC08_L2SP_047020_20240708_20240718_02_T1,d958fb01
59.64406013,-117.9898243,846e8ac8,LC08_L2SP_046018_20240717_20240723_02_T1,846e8ac8
58.35151731,-120.4054473,5df62d4d,LC08_L2SP_047020_20240708_20240718_02_T1,5df62d4d
59.59734005,-117.900992,8839e8c0,LC08_L2SP_046018_20240717_20240723_02_T1,8839e8c0
58.30482931,-115.4885535,4d42a15c,LC09_L2SP_045020_20240718_20240719_02_T1,4d42a15c
57.01316184,-117.8167097,0e527318,LC09_L2SP_046021_20240709_20240710_02_T1,0e527318
56.96991081,-121.1063062,dd16f0b8,LC09_L2SP_048021_20240707_20240708_02_T1,dd16f0b8
55.67903086,-118.8580614,132e0fb4,LC09_L2SP_046021_20240709_20240710_02_T1,132e0fb4
56.92775171,-121.1808932,6df6ff02,LC09_L2SP_048021_20240707_20240708_02_T1,6df6ff02
56.88464059,-117.8987991,736af555,LC09_L2SP_046021_20240709_20240710_02_T1,736af555
58.68039557,-117.8987991,a9d2f287,LC08_L2SP_048018_20240629_20240709_02_T1,a9d2f287
59.92583746,-120.4279829,86e95614,LC09_L2SP_050017_20240721_20240722_02_T1,86e95614
59.87739459,-116.8552259,a8096a16,LC08_L2SP_048017_20240715_20240722_02_T1,a8096a16
59.82904543,-113.2876543,f9b80b5f,LC08_L2SP_046018_20240717_20240723_02_T1,f9b80b5f
59.7807895,-116.8500682,01813e7c,LC08_L2SP_048018_20240629_20240709_02_T1,01813e7c
58.48815207,-119.2750687,d5f2ecf0,LC08_L2SP_047020_20240708_20240718_02_T1,d5f2ecf0
57.19637005,-116.935391,160fbb86,LC09_L2SP_046021_20240709_20240710_02_T1,160fbb86
58.44348638,-114.5134656,1165ad27,LC09_L2SP_045020_20240718_20240719_02_T1,1165ad27
59.6892032,-112.0021523,00a4afd8,LC08_L2SP_042019_20240721_20240723_02_T1,00a4afd8
59.64121546,-115.5497461,c12e0144,LC08_L2SP_046018_20240717_20240723_02_T1,c12e0144
58.34867458,-113.1343172,d6643e28,LC08_L2SP_043020_20240728_20240801_02_T1,d6643e28
59.59450059,-115.6385612,8b626394,LC08_L2SP_046018_20240717_20240723_02_T1,8b626394
57.79900434,-115.6385612,12811a49,LC09_L2SP_045020_20240718_20240719_02_T1,12811a49
56.50764471,-117.9356296,ce3c11fa,LC09_L2SP_046021_20240709_20240710_02_T1,ce3c11fa
56.46521255,-121.1814184,a455cc24,LC09_L2SP_048021_20240707_20240708_02_T1,a455cc24
58.26108756,-121.1814184,741f3ca9,LC08_L2SP_048019_20240629_20240709_02_T1,741f3ca9
59.50701402,-118.6836636,92ff9407,LC08_L2SP_048018_20240629_20240709_02_T1,92ff9407
59.45937233,-115.1551624,27531134,LC08_L2SP_046018_20240717_20240723_02_T1,27531134
58.16695569,-112.7520696,1a3b79a3,LC08_L2SP_042019_20240721_20240723_02_T1,1a3b79a3
56.37105362,-112.7520696,f40f9f5b,LC09_L2SP_044021_20240711_20240712_02_T1,f40f9f5b
58.16695569,-112.7520696,bebcbd60,LC08_L2SP_042019_20240721_20240723_02_T1,bebcbd60
58.12174966,-116.1472436,2b266272,LC09_L2SP_045020_20240718_20240719_02_T1,2b266272
59.9171556,-116.1472436,35aa6a57,LC08_L2SP_048017_20240715_20240722_02_T1,35aa6a57
58.6244228,-118.5816834,eb304077,LC08_L2SP_047020_20240708_20240718_02_T1,eb304077
59.86992992,-121.1066182,7f1c05aa,LC08_L2SP_048018_20240629_20240709_02_T1,7f1c05aa
58.07451079,-121.1066182,7117fd1c,LC08_L2SP_048019_20240629_20240709_02_T1,7117fd1c
59.32064987,-118.6225556,e10de03f,LC08_L2SP_048018_20240629_20240709_02_T1,e10de03f
57.52507654,-118.6225556,8b9ffee6,LC08_L2SP_047020_20240708_20240718_02_T1,8b9ffee6
58.77183149,-121.0673051,180ce18b,LC08_L2SP_048019_20240629_20240709_02_T1,180ce18b
58.72554927,-117.6134536,2152b70a,LC08_L2SP_048018_20240629_20240709_02_T1,2152b70a
57.4336165,-119.9682582,642200be,LC08_L2SP_047021_20240708_20240718_02_T1,642200be
56.14247198,-117.6930249,a6649c0a,LC09_L2SP_046021_20240709_20240710_02_T1,a6649c0a
57.39071337,-115.3409734,326fe44a,LC09_L2SP_045020_20240718_20240719_02_T1,326fe44a
59.18632465,-115.3409734,f0f02334,LC08_L2SP_046018_20240717_20240723_02_T1,f0f02334
59.13928313,-118.8364479,7d27ffff,LC08_L2SP_048018_20240629_20240709_02_T1,7d27ffff
59.09232871,-115.3457569,b8ffcb06,LC08_L2SP_046018_20240717_20240723_02_T1,b8ffcb06
57.80015753,-112.9671112,ce2eb21f,LC09_L2SP_042020_20240627_20240628_02_T1,ce2eb21f
59.04660603,-115.4313579,4e77b9b9,LC08_L2SP_046018_20240717_20240723_02_T1,4e77b9b9
57.25095519,-115.4313579,8fa5ee3b,LC09_L2SP_045020_20240718_20240719_02_T1,8fa5ee3b
55.45478772,-115.4313579,92c7b8ba,LC09_L2SP_044021_20240711_20240712_02_T1,92c7b8ba
56.7037374,-117.7403647,5ca189ec,LC09_L2SP_046021_20240709_20240710_02_T1,5ca189ec
56.6609902,-121.0029772,a4527310,LC09_L2SP_048021_20240707_20240708_02_T1,a4527310
56.61831195,-117.7440503,bd8379da,LC09_L2SP_046021_20240709_20240710_02_T1,bd8379da
55.32762654,-119.9723516,2f9baceb,LC09_L2SP_046021_20240709_20240710_02_T1,2f9baceb
57.12383114,-119.9723516,2e6e6679,LC09_L2SP_048021_20240707_20240708_02_T1,2e6e6679
